AirlineName,CabinType,OverallScore,Recommended,Review,sentiment_neg,sentiment_neu,sentiment_pos,sentiment_score,sentiment_label,recommend_sentiment_consistency,rating_sentiment_note
Flair Airlines,Economy Class,3.0,no,"Edmonton to Toronto. I probably won’t ever fly with Flair again. I saved $0. I may have even spent more than if I would’ve flown with WestJet or Air Canada. Not impressed. I specifically bought and under-seat bag to carry valuable work equipment in. They double checked it at the gate and made me pay an extra $35 each way for the bag because they thought it was too big, making it an extra $73 total for a carry on stowed bag which should’ve been free. I got on the plane, and it sure enough did fit under the seat with plenty of foot space and room. I was not impressed.",0.053,0.834,0.113,0.8172,positive,possible_mismatch,low_rating_but_positive_text
TAP Portugal,Economy Class,7.0,no,"Booked my flight during the pandemic and rescheduled twice. Endless calls with TAP's contact centre. Contact members giving contradicting advice on flight options. Some employees would be very calm and patient, others would simply cut the line. This part was horrible. I spend hours calling them. We took our flights with a 6-month baby and used the bassinet. We had our doubts beforehand, but were positively surprised. Staff was very friendly and helpful. Aircraft clean and well maintained. Layover in Lisbon straightforward. Lisbon-Amsterdam was a full flight, so space was limited unfortunately. Wanted to share this experience, because TAP has such a bad rating. I have flown TAP before to Brazil and must confess that both my experiences weren't bad at all. Contact centre must be improved though.",0.108,0.671,0.221,0.9664,positive,possible_mismatch,normal
American Airlines,Economy Class,2.0,no,"When we booked our flights several months ago there was not a direct flight from Charlotte to Albany so we booked via Chicago, recognizing how circuitous and inconvenient it would be. When we arrived at the Charlotte airport for our flight home to Albany we noticed that there was a direct flight to Albany and were told that there were many seats available. We asked if we could be out I that flight but at every turn were told that it was against company policy and that such a change would cost $200 each. We realize what ""the policy"" is but were hoping in a rationale, customer focused world we could get on a flight with vacancies that was going directly to Albany rather than having to fly halfway across the country only to return to the east coast. Of course the rationale is that the direct flight ""might"" have cost less than the flight we booked. When I asked for a comparison of the costs of the 2 flights at the time we booked it the airline said there was no way they could tell. Even though many airlines look for every conceivable angle to make money off their customers it's a shame that American assumes the same pecuniary motives from their customers. And so a flight to Albany with plenty of empty seats will leave soon. We won't be on it. But we will be on the flight leaving at a nearby gate to Chicago and once there we will hop a flight to Albany. Bureaucratic policies which focus solely on the bottom line rather than on the customer ultimately will damage the bottom line. Next time we will go through great lengths to fly Southwest where the customer and their free baggage are still held in esteem.",0.051,0.896,0.053,0.5789,positive,possible_mismatch,low_rating_but_positive_text
Icelandair,Economy Class,1.0,no,"Extra late takeoff. Rude staff. Seats were reserved in January. We got emails this morning confirming our seats with checkin. When we arrived and got our boarding passes, my wife and I had completely different seats in 2 different rows no longer next to each other. When trying to get it corrected, which took about 25 minutes and 3 people before anyone would even help, we were told that our seats were now taken by other people, and they can't do anything to help. There was only one seat remaining in row 30 when we reserved row 12. Cannot reccomend.",0.049,0.901,0.051,0.0516,positive,possible_mismatch,low_rating_but_positive_text
Virgin Atlantic,Economy Class,2.0,no,Such a disappointment! Having flown with Virgin a few times we were looking forward to our flights from Edinburgh through Heathrow to Miami. Unfortunately Little Red flight delayed so we had to transfer to BA to get to Heathrow in time. Plane from Heathrow was cramped and uncomfortable seating - economy seats I know but had always been more comfortable and spacious in the past! 1 bar service in a 9h+ flight. Small spirit measure and 1 glass of wine with meal. Realise not a good idea to have much alcohol on long haul flights but feel there should have been 2-3 bar services throughout the entire flight. Water or juice only offered. Poor quality meal cheap ice lolly and pretty tasteless 2 finger sandwiches before landing. What's happened to this airline? Plane half empty. Staff more interested in having a social gathering amongst themselves at the back of the plane. Dirty smelly toilets - even just after boarding! Only positive points were we arrived on time with all baggage and to be fair experienced a good flight with Little Red on our return from Heathrow to Edinburgh - much more pleasant staff and the offer of a miniature spirit small bottle of wine - double the quantity we were offered on the long haul flights both out and return to Miami! Agree with other reviewers that we won't use Virgin again.,0.072,0.787,0.141,0.9745,positive,possible_mismatch,low_rating_but_positive_text
Vueling Airlines,Economy Class,1.0,no,Porto to Barcelona. My husband is not especially tall average height of around 170 cm. His knees touched the seat in front. How lucky he isn't taller! This travel experience would make us rank Vueling at the bottom of the list. When we arrived at Barcelona the pilot advised we would be disembarking from both the front and rear of the plane. This idea was most appreciated but very short lived. It took at least 15 minutes if not longer for the steps to arrive but pleasingly one bus arrived before the steps.  If we could have floated down from the plane to the ground and into the bus I am sure most of the passengers would have been delighted. A disappointing experience all round.,0.032,0.881,0.087,0.7642,positive,possible_mismatch,low_rating_but_positive_text
Lufthansa,Economy Class,2.0,no,On a direct flight Munich to Los Angeles I found myself in row 39 (economy class) of an aircraft with a downstairs bathroom area. The bathroom configuration is a great innovation but next to my seat loomed the very imposing cover for the stairway to the bathroom. Mine was the inside seat of only two in that row because of the stairway. My elbow bumped into the stairway wall and my vision was totally blocked on that side. Claustrophobic alley! A kind attendant was able to reseat me. Meals? The plane departed at noon and lunch was served at 1 pm. Lufthansa has been touted for its meals and I was looking forward to this part. The meal itself was good from my experience with airplane food. A few hours later an attendant passed out Toblerone chocolate bars. Several hours after that more chocolate bars. Mind you this was a direct flight. It landed 12 hours after it departed. The passengers had last eaten a meal 11 hours earlier! I think most people would need at least a sandwich or light meal in that 11-hour period. There were no meals for purchase on board no help in sight. I think Lufthansa definitely needs to look carefully at their meal policy for such extended flights. If I ever travel on this airline again I'm bringing my own food!,0.059,0.855,0.086,0.8276,positive,possible_mismatch,low_rating_but_positive_text
Emirates,Economy Class,1.0,no,"Expecting a great deal based on other reviews we decided to pay more to fly with Emirates from Dubai to London Heathrow. Unhelpful Emirates Staff at Heathrow - could barely muster a smile. Completely oversold their family friendly service. It was a guessing game as to what we had to do with the stroller for our 7 month old. Although the kids meals were given as they had been pre-ordered I don't think they were particularly great quality. In terms of the cabin crew - rude, unfriendly and I could go on. We were issued the wrong menu - no apology. I asked for a glass of water for my little girl and it was as if I'd asked for gold. The serving of the food and drinks was very disjointed - no system, no organisation. I wasn't offered food twice as they bypassed me. My partner was missed out on a few occasions too. No apology. They didn't bother with the kids, I went to change the baby and when I was returning to my seat I had to wait in the aisle for 5 mins for them to move out of the way. They are clearly more important than you. The toilets were not maintained. I have always flown with Virgin in the past and will continue to do so in the future.",0.078,0.831,0.091,0.7264,positive,possible_mismatch,low_rating_but_positive_text
Lufthansa,Economy Class,2.0,no,Flew to and from Sao Paulo via Frankfurt. Already written about the disastrous seat reservation system so I won't rant on about this here again. I would say though that it took no fewer than 4 people at Frankfurt to actually resolve our seating issues. In the end only the Flight Manager was able/willing/empowered to deal with it. The crew on all flights were to be fair very good and the food was fine too. Seats however were very uncomfortable on the B747 so I got little if any sleep on the long 11 hour flights. Also the IFE is terrible. I have a very varied and eclectic taste in TV music and film and found little to entertain me. And to top it all off Lufthansa left our bags in Frankfurt en route back to London and can't seem to drag themselves to get them back to us in Southampton until tomorrow even though by their own admission they have now arrived on a later flight. Appalling.,0.078,0.828,0.094,0.0225,neutral,possible_mismatch,normal
Iberia Express,Economy Class,1.0,no,"Terrible experience with Iberia Express from Copenhagen to Madrid. Rubbish seat selection - a middle seat. Crew were mediocre at best, and that is being more generous than merited. The air hostess tore my carry-on bag out of my hand at shoved it into a random compartment without even bothering to tell me where it was. I had to wait for the rest of the passengers to alight before being able to find it. They had the nerve to charge 2 euros for a drink of water on a three-hour flight.",0.03,0.818,0.152,0.9143,positive,possible_mismatch,low_rating_but_positive_text
AirAsia,Economy Class,1.0,no,"Seoul to Denpasar via Kuala Lumpur. AirAsia has terrible customer service and tries to overcharge passengers at every turn. I purchased 2 25 kg checked bags, but at check in, they claimed I had only purchased one, which resulted in by baggage being 11 kg over the weight allowance that I purchased. They then offered to check the remainder of my luggage for 42,000 won per kg, or 1.5 times the cost of my original ticket. They wanted 640,000 won for my 11 kg of checked luggage which they falsely claimed that I had not purchased. I am never flying AirAsia again.",0.018,0.866,0.115,0.9186,positive,possible_mismatch,low_rating_but_positive_text
Rwandair,,,no,Rwandair Express Johannesburg - Kigali on an MD-80 business class. Really not a bad flight - we were about 1/2 an hour late boarding with no announcements but after that it was fine: a reasonable little meal and nice wine. We had a touch-down in Bujumbura so there was rather a lot of taking off and landing but reasonably quiet and comfortable flight. My bags were lost in a connection a Johnannesburg (as always) and so it was the usual long process of waiting for the bags not to appear waiting to fill out forms and then waiting three days but the bags eventually found me!,0.039,0.856,0.105,0.8295,positive,possible_mismatch,normal
Delta Air Lines,Economy Class,1.0,no,"Beware of Delta’s cancellation policies. They are predatory and the customer service are appalling. Even if you cancel over a month before your flight, you will not get a refund and you will be charged a cancelation fee. They will offer you “credits” instead of a refund, so it is completely possible for you to spend hundreds if not thousands of dollars through Delta and not even get to fly anywhere. Steer to United or American as they are much more customer service focused and their cancelation/changes policies are far more lenient.",0.063,0.857,0.08,0.4131,positive,possible_mismatch,low_rating_but_positive_text
Philippine Airlines,Economy Class,6.0,no,MNL-CGK-MNL. Terminal 2 check-in was fine though Jakarta was very slow. On time departures and arrivals on all flights. Food and drinks choices were okay. All in all okay flights the price was nothing special.,0.058,0.798,0.144,0.3274,positive,possible_mismatch,normal
Turkish Airlines,Economy Class,2.0,no,"25 hours prior to departure I am informed by Turkish Airlines email that my flight (Muscat to Manchester via Istanbul) is cancelled, and next flight is 24 hours later. Too late for the funeral I was attending. 3 hours later being put on hold and told that nothing can be done and please go to the airport (only 3 hours drive away) decided to give up and book Emirates instead. Hope I get a refund (paid weeks ago through credit card). Being an Elite Card member served no advantage in the discussions either. They have a good business class lounge for members but that is where it ends.  So disappointing as have been loyal over the years.",0.079,0.832,0.089,0.053,positive,possible_mismatch,low_rating_but_positive_text
American Airlines,Economy Class,4.0,no,"Flew on American Airlines on a vacation to Pennsylvania, overall staff were pleasant but seemed rushed to get service done. The CRJ-200 doing the route was cramped and quite uncomfortable, if I had not been in an emergency exit row it would have been unbearable. The airline will do in a pinch but Delta or United are overall much better.",0.101,0.765,0.135,0.3528,positive,possible_mismatch,low_rating_but_positive_text
easyJet,Economy Class,2.0,no,"✅ , |  I am standing in a hot stifling room with all the other passengers for flight EZY8882, from Amsterdam to Gatwick, which is an hour and a half delayed at the moment but likely more. We were told to board when the plane had not even arrived yet. I finally persuaded a member of staff to please open the door. The first member I asked refused and I heard someone else ask her before. The flight we took on the way here from Gatwick 3 days ago was also delayed 2 hours. Our arrival evening was the best weather of our stay so we missed out on some good tourist time as the next day was pouring with rain. Rubbish service.

",0.069,0.841,0.089,0.6987,positive,possible_mismatch,low_rating_but_positive_text
Monarch Airlines,Economy Class,3.0,no,We travelled with Monarch to Lanzarote and back this week. We got on the plane yesterday afternoon on time but to be told we would be going to Faro for a refuel due to strong headwinds they had encountered on the previous flight. This added an 1.5 hrs onto our flight no real apology from them. Told to take our seat belts off during refuelling why didn't they refuel at Lanzarote? Not enough selected baguettes to go round etc. The crew were tired I overheard one stewardess state she was so tired she couldn't think anymore. When we landed in pouring rain we trailed down the steps and onto the Tarmac and walked to the terminal building. Great welcome home. Never again!,0.091,0.808,0.101,0.528,positive,possible_mismatch,low_rating_but_positive_text
Spirit Airlines,Economy Class,1.0,no,"I would give Spirit Airlines 0/10 rating. I booked my flight from Tampa to Chicago months ago (before gas prices skyrocketed). I get to the airport on time, go through security, and get to my gate and wait. 3 announcements were made that our plane has arrived but needs to be cleaned, it’ll be ready in 15-20 mins. After over an hour the final announcement made was the flight was canceled. The weather was fine because other flights went out and the later Spirit flights were still scheduled to continue. Our only option was to receive a refund because the next flight available was in 5 days. Yea, sure, refund me the amount of money I spent months ago so that I have to pay way more to book a new flight with a new airline with ticket prices for today and not months ago. The reason my flight was canceled by the way, they had no crew for it! Spirit was no help in resolving their cancellation and I would not recommend them to anyone! Sure the prices are cheap but that’s because you pay for everything else like a carry one that is normally included with most airlines. No entertainment on the plane, good thing I downloaded some stuff from Netflix on my IPad, and $3.50 for a can of pop that used to be complimentary with other airlines. Spirit is a terrible airline, buyer beware!",0.07,0.796,0.134,0.9371,positive,possible_mismatch,low_rating_but_positive_text
Aer Lingus,Economy Class,1.0,no,"Because of the current horrible airline situation world wide, we cancelled our flight to Ireland, England and Scotland. We didn't want to get stuck because of cancelled flights. I called a month prior to our flight to cancel. I was told I would get a voucher for the value of the tickets good for five years. I understood a refund couldn't be offered because I didn't purchase a refundable ticket. The voucher was fine. The agent checked the timing of the cancellation and said it was well within the period necessary to receive a voucher. I was also told that I would be after my flight was originally schedule before someone could get back to me since they were very busy. I received the following email confirming the refund. Dear Mrs. Ruppert, Our sincere apologies for the delayed response. Your voucher request was approved however, we do not currently have the ability to redeem vouchers for travel on other airlines, and your original ticket included travel on A A Airlines. As a courtesy, until this is remedied, we will offer a refund. Kindly reply to this email to confirm if you would like to proceed with the refund, thank you. Kind regards, Customer Service Agent. Now Aer Lingus refuses to provide the voucher they promised in the confirmation email. My next vacation will not be to Ireland.",0.057,0.794,0.149,0.9715,positive,possible_mismatch,low_rating_but_positive_text
Monarch Airlines,Economy Class,5.0,no,Gatwick to Sanford first time flying with Monarch. Outward flight very impressed with check in at Gatwick baggage check in and cleared customs in half an hour quite disappointed only 20kg allowance on hold bags and 5kg for cabin luggage which is weighed at check-in. Seating on the outward flight was fine window and middle seat seats not bad for comfort and leg room coming back was in middle aisle row 14 and what a nightmare right under the drop down TV and as it was an overnight flight back struggled to sleep because of the flashing of the TV really wish I had an eye mask with me. Monarch supply blanked and pillow but earphones are charged at £2.50 I always take my own anyway so not a problem. Food - considering its airline food was not bad roast chicken stuffing roast potatoes/mash on return journey vegetables and gravy with bread roll cheese crackers and a cake of sorts water with the dinner and tea or coffee brought along. Breakfast a bit disappointing yoghurt and orange juice any other drinks or snacks can be purchased. We purchased from the airport after clearing customs snacks and drinks to take on board and so glad we did. Staff were friendly and professional. Would I recommend afraid not even though the value for money with the ticket was good hold baggage is extra cost to be seated together is extra cost and even then couldn't pick where we wanted to sit. Return flight was full and unfortunately not enjoyable because of the TV and unruly kids although this is not an airline problem.,0.064,0.811,0.125,0.9626,positive,possible_mismatch,normal
British Airways,Economy Class,1.0,no,"London Heathrow to Berlin return. Will be taking anything but BA flights from now on. Arriving at Berlin check in with only handbagge one of my party was told rudely that she had to check in her baggage despite that it contained fragile items. Another of my party did want to check in her hand baggage and was told no. Both times the ground staff were inconsitant, rude and uncooperative .I was allocated a window seat despite a request for an aisle seat. The new seat configuration is so narrow now I could not get into the allocated seat as I have a replacement knee which does not bend enough to get to the seat. Fortunately one of my party swapped with me for an aisle seat. I put a small plastic bag with fragile items in the overhead locker, the steward, without telling me or consulting me, moved it. When I queried this I was told ""Madam,  I know what I am doing I have done this before"". I am 71 years old and I refuse to be so patronised so I was ready for a stand up row by this time. Fortunately a lovely stewardess with this guy saw my face and jumped in with a jokey remark which save the situation. No food left at the back of the plane as usual. Why on earth are we paying premium prices for such appalling customer service? If I want a budget flight I will use EasyJet anytime.",0.06,0.822,0.118,0.9477,positive,possible_mismatch,low_rating_but_positive_text
South African Airways,Economy Class,5.0,no,"JNB-CPT in Dec. on time flight. One female cabin crew was very kind to family and passengers in couples. Always asked ""Would you like soft drink coffee/tea and water? Drink with ice?"" and served with cups. She asked me and a business man next to me ""drink?"" and gave us a coke can without cup and gone without smile.",0.033,0.864,0.104,0.6831,positive,possible_mismatch,normal
Southwest Airlines,Economy Class,1.0,no,Baltimore to Boston. Purchased a drink on flight. Should never have served the drink because they only gave us 5 minutes to drink it! Was told the receipt would be available online. It was not available on 2/12. Tried again today: entered confirmation code and flight dates and no receipt was found! Waited 20 minutes for a call back from SW (promised less than 15). First tier told me nothing could be done until Monday morning. Asked to speak to a manager. She said she could look it up on southwest.com. Why didn't the first tier offer that? She is still looking while I type this review.,0.02,0.952,0.028,0.2225,positive,possible_mismatch,low_rating_but_positive_text
Delta Air Lines,Economy Class,4.0,no,"Boise to Dublin via New York. Had to get home for my grannys funeral, spent $1175.78 for the ticket. Trip from Dublin to Boise all was fine. On way back, left Boise to Salt Lake City, told there was going to be just over an hour delay, I asked at the Delta desk, will I make my connector at JFK to Dublin, was told yes. Left SLC about 30 minutes into flight, flight was told they were doing construction on runways at JFK. Right before we landed at JFK, they made an announcement to the flight to please let ones who were connecting to Dublin off the flight first as we needed to make our connection. Well, there were about 18-20 of us that missed the flight to Dublin by 8 minutes. Yes, 8 minutes Delta would not hold the flight for us. 10:05pm in JFK and we were told plane left, no flight for 24 hours, I asked if they had a motel for us or any food vouchers - anything, we were told as a group, no. Slept on the floor of JFK Airport tell 8am the next morning then spent $60.00 of my money to check into the Delta Club, yes I got to take a shower and eat and rest, but I feel that of no fault of mine, Delta could have made a little effort to hold the connecting flight for 8 minutes or help all the folks that were in the same position as I was for 24 hours.",0.025,0.913,0.062,0.8396,positive,possible_mismatch,low_rating_but_positive_text
United Airlines,Economy Class,4.0,no,Flight delayed from Moline to Denver. Missed connecting flight so United changed our seats on the rebooked flight to 10 rows back (original seats Row 15 and we paid extra for these seats) and also split my husband and I up in different rows (mind you we are taking our honeymoon). We tried to change our seats on the app because there were seats together they could have picked for us but we could not do this functionality for a rebooked flight on the app. So as soon as we got to Denver we asked an attendant to help us with our seats (he was just chatting away talking to his buddies) and said he could not help us we had to use a kiosk or wait 1 hour before boarding. Went to kiosk was going to be 85.00 a piece to Change seat. Then went 1.15 hour prior to boarding and the attendant said she’d be right back and it was 35 mins. She never came back. So we grabbed food. Went back before boarding began. No attendant at the desk. So we waited. It was the same agent again. We asked her to help us. Told her the above mentioned situation. She was rude and rolling her eyes. Called for a manager to come. Manager never came until boarding group 4. My husband stayed behind to speak with manager to at least get a refund on our seats we paid for. I boarded because I did not want to miss the overhead space (luggage was lost the last time we flew). A sweet lady who heard the story said she also was rebooked and got sat in a different row than her partner. So we switched places and another lady helped us out. We did get a refund for our seats. But moral of this is very poor customer service and no one wanted to do their job or do their job with compassion and a smile. If the United attendants had been professional I would have not written this. Unfortunately this airline is not what it used to be. Maybe this post will help them in the future.,0.07,0.852,0.078,0.6357,positive,possible_mismatch,low_rating_but_positive_text
United Airlines,Economy Class,1.0,no,"Sacramento to Houston. Flying on United last week, headed to continue more fireman training in Texas. Discovered my seat like this. Flight attendants didn’t want to give me anything to wipe this mess up with. Made me wait for 20 minutes to get a wet paper towel. One I cleaned it up, it took another 20 minutes to take the dirty towel. Then when she had gloves on, she wouldn’t take the towel from me. I was in the window seat and unable to get out, so I threw the towel in the aisle where it remained for another hour. I reported this to United’s website and have had very little contact.",0.048,0.896,0.055,-0.0451,neutral,possible_mismatch,normal
Air Namibia,Business Class,1.0,no,"✅ , |  On 8 September I flew to Windhoek. I departed Johannesburg on SW722 at 06h40 and was due to return on SW729 at 1735 the same day. The tickets cost me ZAR 4,854.94 in total. My meeting was very short, so I decided to return to Johannesburg earlier. I went online and changed the time of my flight to 14h55. At this time, there was no option to change anything other than the time since the website showed that all economy seats were sold out and that there were only two Business Class seats free. It cost me ZAR 1,230.95 to change the ticket. When I arrived at the airport, I went to collect my ticket and received my boarding pass without incident. My seat was now 11A. I got to the aircraft and found that I was now directed to an Economy Class Seat. I queried this with the cabin staff and they told me that I chose to pay R 1,230.95 and to convert my seat to economy. I asked how this was possible - they were unable to answer. They even checked my printed ticket that I still had with me and agreed that I had initially booked a Business Class ticket. I then also noticed that there were in fact about 8 open Business Class seats and about 20 open Economy Class seats! In the end, they crew was so adamant not to allow me the benefit of sitting in those ""special seats"" that they delayed the flight by over 20 minutes and made everyone wait. I made it clear several times that I will not delay other passengers over this and suggested that I be refunded and that I have my later Business Class ticket returned. The staff eventually asked me if I was ""offloading myself"" and told me that - if I get off, they could not guarantee that I would have the seat I paid for, on the later flight! In the end I was forced to sit in Seat 11A and told that I could fly home and that I could contact Air Namibia for a refund later. ",0.032,0.925,0.043,0.7461,positive,possible_mismatch,low_rating_but_positive_text
Jet2.com,Economy Class,6.0,no,Malaga to LBA. Old 737 showing lots of wear and tear. Although the inbound flight was early and boarding started 45 minutes before the scheduled departure time we still left late due to the fiasco of boarding a full plane. Row numbers for boarding were announced to get the passengers at the back on to the plane first but nobody could here what the Spanish ground staff were saying so everyone just rushed to get on. The size of carry on bags is now becoming a big problem for Jet2 and they need to police this better. At check in we were asked if we wanted to check-in one of our 'wheely' cabin bags for free which we were more than happy to do. But obviously most passenger didn't and it was just chaos! My main complaint is that you can no longer receive 'My Jet 2' points on any Spanish routes. I will now seriously consider Monarch now that they are flying full time from LBA and their seats are much more comfortable.,0.091,0.812,0.097,0.6441,positive,possible_mismatch,normal
SilkAir,Economy Class,4.0,no,"Davao to Singapore. SilkAir used to be a great little airline with good seat pitch, quality service and food/beverage options. Now I struggle to differentiate it from the low cost carriers. The only value proposition I see now for Silk air is connectivity to Singapore Airlines. Seat pitch seems little different to Cebu Pacific, request a beer and you get it poured half full into a small plastic cup with no refill offer. Food is bland and quantities reduced. I have flown this route periodically for 20 years and have gone from being a devotee of Silk Air to wondering why bother for the dollars paid.",0.076,0.825,0.099,0.577,positive,possible_mismatch,low_rating_but_positive_text
Air Koryo,,,no,"Beijing to Pyongyang return on an Il-62 in economy. On the outbound sector the most beautiful cabin crew I have ever seen (all female). The meal although huge was of the horrible processed type. 70s style interior with sick bag stating ""for your refuses"" hmm. Amusing to see the crew hanging onto the galley for dear life on take off and landing! On the return due to the amount of passengers an additional service was laid on (Tu-154) leaving half an hour later. Overall one of the more interesting short haul sectors to fly.",0.063,0.8,0.138,0.8008,positive,possible_mismatch,normal
Norwegian,Economy Class,2.0,no,"Los Angles to Copenhagen. After an hour delay without advance notice, our flight from LAX to CPH took off only to turn around and return to LAX after about 45-minutes in the air. We were told it was due to technical issues. We spent an hour on the tarmac before I waited another hour and a half to get my bag back. Then followed a two-hour wait to ask about accommodation. We were offered no food or drinks, and by the time I spoke to an agent it was nearly 5am, about 12-hours after arriving at the airport. I was offered to share a hotel room / cot with three other passengers. I said I'd prefer a room by myself, the agent walked away. 15-minutes later I told him I'd take anything, I'm tired, and was told the rooms were gone. I have no credit card and no cash and was given to other options. Their support hotline has an hour or more wait, if you don't get a busy tone 10-15 times when trying to call. They were friendly if not fatigued, but offered nothing in terms of help.",0.042,0.904,0.053,0.4983,positive,possible_mismatch,low_rating_but_positive_text
Jet Airways,Business Class,6.0,no,Great airline stewards and stewardesses. Good food but the flight from Chennai to Singapore was nothing short of appalling in terms of aircraft condition. I was in Seat 2A and the edge of side of the seat was broken and patched with industrial tape! When the passenger pushed his seat to a recline position (and these are not flat beds) he knocked back my food tray and my video. It also made coming out of my seat to visit the toilet very tough. Such a good airline flying international and its business class seats are rubbish and patched with tape!,0.057,0.84,0.104,0.6439,positive,possible_mismatch,normal
Jetstar Airways,Economy Class,1.0,no,"My friend and I were travelling to Vietnam. We were trying to be cautious and followed Smart Traveller (official governement information published in regards the safety of the traveller) which clearly indicated not to travel and decided not to risk our health and request a voucher. But the problem is that we can't use our vouchers in the future as I am no longer there and my friend will be leaving very soon. So, a voucher doesn't make sense. And we don't want a voucher. We need our money back. We have explained them several times. It is a real shame how they have treated us (my friend, really) on the phone, trying to make us look like fools, trying to make us finish their endless calls with hours put on hold, telling us they would call us back and didn't do it.  We are never again using Jetstar.",0.1,0.779,0.121,0.3867,positive,possible_mismatch,low_rating_but_positive_text
Air France,Economy Class,4.0,no,BLQ-CDG and return. Very quick flight great check-in both way and helpful desk. Both flights were on time operated with A319 not really tidy and clean. The unbelievable things on these flights has been the cabin crews - awful! Impolite unavailable they just seemed to talk to each other no smile nothing. Don't know if I will fly AF again.,0.106,0.727,0.168,0.6715,positive,possible_mismatch,low_rating_but_positive_text
Air New Zealand,Economy Class,5.0,no,"Melbourne to Queenstown. Initially the staff I dealt with over the phone and in the airport were great, how ever my flight to Queenstown was cancelled, which I was not alerted about via email or text. The group I was travelling with (4 adults and a child) were put on a flight to Sydney (from Adelaide) then to Queenstown the same day, I therefore called Air New Zealand to try to arrange this flight to Sydney in which I was told it was impossible and unlikely they were on this flight as it was with Jetstar, needless to say I didn’t get to Queenstown until the following day which resulted in my lateness for wedding preparations. After this I still had no notifications of my further flights to Queenstown but had to call again late at night to find this information. Was less than happy with the communication from the cancellation to the rebooking of the flight.",0.019,0.937,0.044,0.7255,positive,possible_mismatch,normal
Air China,Economy Class,6.0,no,"MEL-PVG outbound 26/12/13 PVG-Wenzhou 26/12/13 PVG-MEL inbound 9/1/14. It's not the best airline out there but acceptable for the direct connection to Shanghai and value for money. Timing of flights meant meals were served just after takeoff and just before landing with not much in between (stewardess came around with water 1-2 times in about 5 hours many passengers went to the galley to ask for drinks themselves). Seats not much room but you tolerate that in Economy Class. Inflight entertainment is standard stuff albeit with a focus on Hong Kong movies and Cantopop. The Chinese service industry has still not mastered the art of the ""false smile"" so hostesses can seem surly and over-officious compared to other airlines. English announcements not of great quality which is not really acceptable on an international flight to an English-speaking Western country. They do provide English announcements even on domestic flights if there are any foreigners on board. On return flight they tried to put 3 of us (including a 3 year old child) in 3 separate rows although cabin staff sorted that out well. It's not a patch on Singapore Qantas etc. but for the convenience of a cheap-ish direct flight you can put up with it.",0.042,0.887,0.07,0.7397,positive,possible_mismatch,normal
American Airlines,Economy Class,1.0,no,I'm a disabled veteran and was told twice that I would receive a refund. They decided to give me a flight credit and will not refund my ticket even though I canceled within 24 hours.,0.0,0.929,0.071,0.3818,positive,possible_mismatch,low_rating_but_positive_text
Icelandair,Economy Class,1.0,no,"Seattle to Keflavik. What a joke this company is. If you can fly a different airline to Iceland please do and save yourself the headache of dealing with a company which has zero respect for it's customers. I bought and paid for their ""extra leg room"" seats ($65 each) and when I boarded the plane the seats I selected were their regular seats, which are extraordinarily cramped. I asked the flight attendant about this and she said, Oh this happens a lot since they change planes. In reality, their booking system is completely screwed up as the plane model was the same on my return flight and had the same exact issue. So they have a known problem which they won't fix, red flag one. Second, they will gladly sell you a seat which doesn't exist, red flag two. I'm directed to contact support over the web for my refund, in reality any reputable airline would refund your money with a simple phone call for this type of blatant screw up. This is an obvious and known error on their part which would warrant swift resolution. But no, I open the ticket and here were are 6 weeks later with no material response from them. They are obviously desperate to keep their $130 and hoping that giving me the run-around via email will get me to forget about it- red flag three. At this point I am done with them and will be pursuing a refund through my credit card company. Lesson learned, never deal with these desperate low budget airlines that nickel and dime for any little thing.",0.071,0.852,0.077,0.1787,positive,possible_mismatch,low_rating_but_positive_text
Aer Lingus,Economy Class,6.0,no,Belfast City to Heathrow on 24 May and return on 8th June A319 both ways. Found the seats hard and the leg room constrained compared to several flights of similar length on Bangkok Airways A319 in late May/early June. Would not like a three or four hour flight on these aircraft. Would only recommend if no alternative unlike EI long haul which I consider good.,0.099,0.825,0.076,0.0747,positive,possible_mismatch,normal
British Airways,Economy Class,1.0,no,"✅ , |  Travelled British Airways from Manchester to Dubai return via Heathrow with family. The outbound flight was a night service and dinner was served at 1am. The children didn’t eat as they were fast asleep but the food was nothing special – supermarket ready meal standard. Leg room was horrific and it truly felt like cattle class. On the return flight the seats were worn and old, screens were old and scratched the children weren’t given their choice of meals as they had run out, my three year old was given snack a box containing nuts my husband sitting next to her was asleep I was in the row behind and quickly took it away as she’s allergic. I could go on but you get the picture. The man sat next to me didn’t get any food on a 7hr plus flight – he was vegetarian and they had run out of pasta. From my experience I won’t fly or recommend British airways anymore. The days of glory are long gone.",0.087,0.822,0.091,0.2054,positive,possible_mismatch,low_rating_but_positive_text
VietJet Air,Economy Class,1.0,no,"The service from this airline is atrocious, my experience with the staff was less than enjoyable. I have taken several flights over the course of my trip through Asia. All of my experiences flying through Bangkok, Phuket and Cambodia the quality of service has been excellent. In Vietnam they have looked for every opportunity to upcharge me and I have been treated with general disdain. I would recommend avoiding this airline if alternatives are available.",0.064,0.801,0.135,0.7287,positive,possible_mismatch,low_rating_but_positive_text
Frontier Airlines,Economy Class,1.0,no,"One of the worst customer service experience ever, my bag was 2 inches over their specifications and they asked us to pay for it, while I go to the counter to pay for it then the lady changed her mind and ask us to pay for my wife handbag, my wife just had a laptop bag and small handbag we said we will fit the hand bag into her laptop bag. She wouldn’t agree for it and even we tried requesting her again as we’re already paying for my bag. Then she wont listen anything we speak just do you want to pay for 2 bags or I will close the gates. We have no choice but to pay as the gates will close soon. Then the same lady at the flight entrance looks at us and says ‘oh my god’ is that how you treat your customers. Never in my life I will fly with frontier again and I will suggest my friends and family not to do so. Never seen a flight charging for purse/wallet.",0.056,0.868,0.076,0.7845,positive,possible_mismatch,low_rating_but_positive_text
Egyptair,Economy Class,1.0,no,Abu Dhabi to Toronto via Cairo with my family of 5 including twin babies and it was the worst flying experience ever. Upon booking I called to request bassinets for the babies but was told to do so at the check-in counter. Upon arrival there I was informed it's a full flight and sorry but there's nothing they could do. So first leg we held our babies for 3+ hours. For leg 2 after much begging we were given 1 bassinet and for the 12 hour flight it was extremely difficult for us. I will go above and beyond to ensure my friends and family and their friends know never to fly with Egyptair.,0.06,0.848,0.092,0.7193,positive,possible_mismatch,low_rating_but_positive_text
Singapore Airlines,Business Class,4.0,no,"Singapore to Hong Kong. New cabin I can t believe SQ spent so much in ""upgrading"" the business class seat which on 777-300 is way more elegant and comfortable. Still same awkward angle and I have never experienced such hard seats. Claustrophobic, narrow, hard and squeezing more seats. Will avoid as much as possible flying on the A380.",0.083,0.791,0.126,0.5844,positive,possible_mismatch,low_rating_but_positive_text
ZIPAIR,Economy Class,2.0,no,"This airline is a total rip-off for the extras. First airline that I have ever travelled with a restriction on the number of bags that can be attributed to a passenger for check-in. So that meant that even if I didn't hit the limit of 32kg extra baggage that I purchased out of my own pocket using 1 bag, the other bags cannot be checked in. Judging from the number of people who were also stuck at the check-in line, I know that this requirement is not clearly made known to passengers. Had to purchase for seat assignments. That itself was understandable since this is a budget airline. But the seat was not clearly indicated to be non reclining! Imagine 6hrs of sitting upright! Someone ought to be compassionate enough to indicate this to passengers just like what other airlines does.",0.05,0.881,0.069,0.5951,positive,possible_mismatch,low_rating_but_positive_text
StarFlyer,,5.0,no,Tokyo-Osaka-Tokyo. Starflyer has the best cost/performance ratio of the market: very comfortable leather seat in A320. Easy to get emergency exit at check in when requested but still at least 34 inch legroom. Drink service PTV footrest for 1 hour flight and professional attendants. At a unbeatable rate when booking a bit in advance (even less than the Shinkansen). The only drawbacks are the lack of frequency for Osaka comparing to JL or NH still OK with 6 flights per day.,0.05,0.78,0.17,0.908,positive,possible_mismatch,normal
American Airlines,Premium Economy,2.0,no,"American has been reducing steadily service and quality since Covid - and it is being noticed. My flight from Charlotte to Evansville was 1hr 20min, but no drink / snack cart was brought out. The attendant announced that drinks ""available upon request"" (and this has happened before), but only 2 asked for a soda. This flight had 1 open seat - due to the fact that American dropped the flights from Chicago to EVV forcing people to use Charlotte. The Admiral Club in Pittsburgh was closed 6 months in 2021 (for renovation) and is now open but closed on Sundays. And now the main club at Charlotte is down 6 months. The Platinum Pro / Sapphire phone-in number has a typical wait time of 3 to 4 hours, and then you get an agent with an Indian dialect that does not know how to navigate the Sabre system - so American has outsourced this service to India and I assume laid off the well trained U.S. agents we used to enjoy. Finally, American has changed their program to Loyalty points instead of flight miles and segments. In short, American has systematically cheapened everything about their service - for preferred and non-preferred passengers alike.",0.013,0.912,0.075,0.9231,positive,possible_mismatch,low_rating_but_positive_text
Emirates,Business Class,5.0,no,I flew business class from New York to Dubai. I was so looking forward to it since I heard that it was in a class by itself. What a disappointment. The crew were well scrubbed in their uniforms and led me to my seat. It consisted of a small cube like area with a nice sized video screen. I soon found out that the space was very constricting. My wife was next to me and a partition between us was lowered but not all the way. There was a 4 inch portion that still protruded that did not allow for comfortable placement of my arm. The lie flat seats were not truly lie flat. By the way this was an A380 and the seats were more 175 degrees. The head area seemed a little bit elevated. There was a cushion-mattress that was given to place over the reclined seat that did make it more comfortable but the confined space of the pod like area was uncomfortable. I could not really move my arms very well around my head. I had flown Air New Zealand a few months ago and their business class on a 777 was far superior. When I arrived on New York on the return the flight was an hour late. Even though my baggage was checked thru to Jetblue when I went through customs and tried to recheck the baggage I was told it was too late for it to be transferred to the Jetblue flight. It was 55 minutes to the flight and they needed an hour at least. The Emirates rep said she could not help me. I thought that she could have provided a porter to take the luggage over to Jetblue with me but I had to do that on my own. My next trip to Dubai I am going to try Etihad business and I hope that the experience is better.,0.052,0.865,0.082,0.9106,positive,possible_mismatch,normal
Pakistan Intl Airlines,Economy Class,5.0,no,YYZ-KHI. I made a request for a special meal (non-dairy veg) well in advance of the flight and reconfirmed with PIA prior to my departure. On the flight I was served lamb for dinner and chicken for breakfast. I ate two small salads during this 16 hour flight and the flight attendant insisted no special meal had been provided for me. Cheap tickets but I guess you get what you pay for.,0.043,0.911,0.046,0.0441,neutral,possible_mismatch,normal
United Airlines,Economy Class,1.0,no,We arrive at STL airport to find that we are a minute late to be able to check our baggage. They then schedule us on the next flight which means we now have a layover and will be getting to our destination two hours late. After waiting for our new flight to board we are notified that our flight is late and we will have to take a different flight now which will make us now another hour late on top of the other two hour delay. To top it all off they didn't have two seats available together and not once did a staff member apologize.,0.021,0.934,0.045,0.1779,positive,possible_mismatch,low_rating_but_positive_text
Ryanair,Economy Class,1.0,no,"Worst experience I’ve ever had, both my flights to and from Pisa were delayed. We weren’t informed of this at any point and had to continuesly check the departure board to keep up to date! The customer service was atrocious and the only time I felt like they cared that about my experience was when one of the rude cabin girls was trying to sell perfumes or very expensive food on the plane. My plane to Pisa was an hour late and I understand that things can happen but the plane journey home was delayed by 8.5 hours with no explanation and no apology! They charge extra for any extra luggage other than a small carry on bag and charge silly money for things such as sitting next to the person you’re travelling with. British Airways is a little more expensive on flights but at least their customer service is good, they’re very helpful whenever you find yourself struggling with anything and they don’t treat you like a money sign for the five seconds they have to try and take as much money from you as they’re able!",0.076,0.826,0.097,0.7501,positive,possible_mismatch,low_rating_but_positive_text
Air Berlin,Business Class,2.0,no,We flew from Berlin to Abu Dhabi Business Class. The flight was late in Berlin and 40 minutes late on arrival at Abu Dhabi. Missed our next flight to Bangkok. The seats are narrow and for tall persons it is impossible to sleep. The meal is not worth talking about. The cabin crew were friendly.,0.065,0.88,0.054,0.0859,positive,possible_mismatch,low_rating_but_positive_text
Jetstar Airways,Economy Class,4.0,no,"9:00pm Jetstar Airways flight from Changi to Melbourne, first thing I noticed about the flight was that it was very cramped and the seats uncomfortable. Being on a saver fare, no food was included, but found the prices to be reasonable onboard - but water should be free. Flown Jetstar many times on domestic flights, but will not fly again on international as the comfort and service is not up to par compared to other budget airlines such as Scoot and AirAsia x.",0.038,0.877,0.085,0.743,positive,possible_mismatch,low_rating_but_positive_text
United Airlines,Economy Class,1.0,no,"San Francisco to Newark with United Airlines. UA added a $150 unaccompanied minor fee for my nearly 16 year old daughter and almost cancelled the flight on me. If you are going to charge this ridiculous fee, let your customers know up front they have to pay it. My 15 year old who has flown all over the world and has never been charged a fee but could not fly alone on a non-stop flight to SFO. You should not add a fee on after and threaten to cancel her flight. I have a half a million United miles on my accounts and have been loyal for years but after today I have to say I will never fly United if I have a choice and will happily spread the word about this terrible customer service.",0.115,0.772,0.113,0.1851,positive,possible_mismatch,low_rating_but_positive_text
Emirates,Economy Class,5.0,no,CMB-SIN in late December. Flight boarded late although had arrived on time from DXB with no explanation and a call 40 mins before anything happened. Relatively comfortable seating on a 777 - the two of us had one of the only rows with only two seats at the very back. Great inflight entertainment but let down by lousy service. They seemed disorganised at best and the meal and drinks took 2.5 hours to arrive. Quality of food not good but given plenty of actually drinkable wine with a smile and apologies. Great arrival experience in SIN - we were out 20 mins after touch-down.,0.118,0.718,0.164,0.7167,positive,possible_mismatch,normal
Egyptair,Business Class,3.0,no,New York to Cairo and return and wished we had waited until January 2011 when the new 777-300ER will be available. Service ordinary seats were better than economy but only barely. Attendants helpful when asked but did not go out of their way to assist. The domestic trips on Egypt Air were better than the flight over.,0.0,0.856,0.144,0.8435,positive,possible_mismatch,low_rating_but_positive_text
Jetstar Airways,Economy Class,1.0,no,"Sydney to Brisbane. Went to Melbourne 2018 March for daughters surprise birthday. From 9am in the morning it kept delaying but luckily got one at around 5 pm. Went again in March 2020. Today 29 March 2922 to Brisbane, so far at time of this post flight delayed for 30 minutes. This company offers very good prices for its flights across the country But one has to be patient for delays with this airline. I will not travel with this airline anymore given their track record for delays, even if i was given free tickets. Pay more for a reputable airline to get you to your destination on time",0.032,0.846,0.121,0.9151,positive,possible_mismatch,low_rating_but_positive_text
British Airways,Premium Economy,1.0,no,"Terrible experience with British Airways! I was obligated to check-in my carry-on suitcase due to my group number, according to the girl at the front desk. Then, they could miss my two suitcases, plus the luggage of my boyfriend, who traveled with me. After 3 days, they delivered 2 of our 3 bags, and since then the promise of deliver the last one persists. Now, already 10 days passed, and still no information of where the last suitcase is. Always the promise that the bag will be delivered today, but it never happens! No respect with the customer! First and last time with British Airways for sure! I don't recommend at all!!",0.062,0.845,0.093,0.5687,positive,possible_mismatch,low_rating_but_positive_text
Copa Airlines,Economy Class,1.0,no,"I don't usually take the time to write reviews of this kind but I have to take the time now after what happened. We scheduled a flight from SFO to BOG on March 14, 2022 and after several weeks waiting found that the flight was delayed for 6 hours. Upon calling, we were told that we could arrange a new flight by talking to the airport directly. Upon arrival I was informed that there was no way for the staff at the airport to help with the change as the staff were hired by a third party. To add salt to injury, we were traveling with pets which proved to play against us as the pets were not in their records (fees had been paid to Copa) and a form was missing which we were never informed of in any of the more than five calls that we had with airline reps. We had prepaid our luggage and were told that they didn't have any records of such payment. We had to show our receipts as proof that we had already paid for our bags. We had paid three consecutive seats in the same row but we were given seats in different rows. We were only allowed to move after explaining our situation to later be asked to move again by a different flight attendant. I don't know if there is a way to make matters worse but they informed us that our connection flight would be delayed another 24 hours. I honestly don't recommend this airline to anyone and hope that everyone learns this lesson.",0.071,0.856,0.074,0.2228,positive,possible_mismatch,low_rating_but_positive_text
United Airlines,Premium Economy,1.0,no,"This a warning for those selecting Premium Economy Plus on United (not to be confused with Econ Plus). Completely Shady, but more like a scam. First, I haven’t taken the flight yet, but feel the need to share. I was selecting seats on a code share operated by United. 1) Selected seats on the window side to be more comfortable because the cabin offers 2 seats on either side with 4 in the middle 777 300er. 2) Immediately following the process a ‘special’ upgrade offer was presented for the low price of $268: click here to pay and select seats. 3) The kicker was the offer was a downgrade to Economy Plus that offers a few extra inches of leg room in the economy cabin, yes big difference from Econ Premium Plus and Econ Plus. For those that don’t know, int’l Premium Plus is basically the same seats used for Domestic first class. Econ Plus only provides a little extra legroom near the front of the Economy cabin United should be ashamed. This about tops anything I’ve dealt with on Domestic US carriers. Another reason to stay away. My fault I didn’t catch the return flight was Air New Zealand, but the least reputable legacy carrier in the US.",0.078,0.788,0.135,0.9308,positive,possible_mismatch,low_rating_but_positive_text
British Airways,Business Class,1.0,no,"New York JFK to London Heathrow with British Airways. Please bear in mind that this complaint concerns a business class ticket. Customer service is non existant. I could not choose seat on line. Called for help and was told it was not possible for them to do it over the phone. Suggested I use another browser. I called a friend who could try using her pc and another browser. Same story. Unable to choose seat. Called airline again and was told that it could only be done by airport staff. After pressing them for the number and being assured I was being given the contact info for BA at JFK, I called only to discover I had been given the general phone number for JFK. Absurd. I hadn't used this airline in years and never will again. It's a shame. They used to be such a class act.",0.035,0.881,0.084,0.6908,positive,possible_mismatch,low_rating_but_positive_text
Air France,Economy Class,1.0,no,"On 10/03 Air France employees refused to let my mother board a flight from Nairobi to Atlanta via Paris. She requested that the employees at the airport to cancel and reimburse the full ticket fee and I also called customer care to help resolve this issue. However, we have not gotten a full refund of my cancel ticket. This airline allowed passengers to purchase airfare tickets three days to travel day with a layover in Paris, France without warning that passengers travelling to America will not be allowed in Europe. Upon arrival at the airport, they refused we board the flight to Atlanta, GA. Customer service was extremely rude, I was on hold for at least 2 hours trying to reschedule my flight or get a refund - none of which happened. If laying over in Pairs, France they will require you to get a mandatory visitor visa.",0.072,0.854,0.073,0.0369,neutral,possible_mismatch,normal
British Airways,Business Class,4.0,no,"When you travel British Airways its like you are lucky to be able to be with British Airways staff. Right from the start the check in girl on business told us the flight was closed which was a load of rubbish 1 hour and 10 minutes before the flight. She spent ten minutes on the phone to someone to see if it was too late. Because I need special assistance they didn't have anyone to push my wheelchair so my wife had to do it. My wife now very stressed and I arrive at the finger and when we could see that everyone was still there I asked the man on the desk about being closed and he said nonsense. My wife says thanks for the unnecessary stress. The guys on the desk were great and offered to push my chair which was actually quite a long way. The cabin layout has 7 seats across whereas all the other 787's I have been on have 6. That means they are squeezing in another seat and it is very, very narrow the cabin crew knocking my arm every time they passed by. Of course the 787 is a great aircraft. So for me the seat was below my expectation. I was also amazed that I had to pay £190 to reserve seats, I don't pay anything with other airlines. The food was just OK nothing exciting and the choice of films was not that great but then that is all personal choice. In my opinion fly with a different airline if you can there are seriously better airlines who don't have snobs working for them.",0.044,0.874,0.082,0.885,positive,possible_mismatch,low_rating_but_positive_text
ITA Airways,Business Class,2.0,no,"The only real reason to fly business class on a long route is to be able to sleep on the plane. Impossible on this flight, I was awake the whole time. The seat did go down to perfectly flat, but it was so narrow that I couldn't sleep on my side and so lumpy as to be uncomfortable in any case. By far the worst bed I have encountered in any business class. The food and wine were OK but just OK. The entertainment system had a very limited selection, and the categories of ""live news,"" ""classic movies,"" and ""world cinema"" were all non-functional. Best aspect of the journey was the flight crew, who were nice, forthcoming, and helpful. Note also that I was sent an SMS and an email shortly before the flight left, both of them listing the same incorrect gate (""23C"", which does not exist at JFK Terminal 1 - the correct gate was 4).",0.064,0.809,0.127,0.9111,positive,possible_mismatch,low_rating_but_positive_text
American Airlines,Economy Class,1.0,no,"My 90 year old mother-in-law had reservations for a flight out of San Diego to Oklahoma City yesterday. Got to check-in yesterday and was told her flight was cancelled. No empathy from the staff and nothing for the inconvenience, but oh well, nothing you can do (and I was a little happy that we got her for an additional day). Then take her today and everything was “good”. Except that her flight to Phoenix was an hour late. She then missed her connection in Phoenix and had to sit there. She was told she was on Standby (can you imagine this?). She is 90. I then called to see what we can do and the message said “our wait time is 4 hours”. After their automated system couldn’t hear me say “customer service” several times I had to listen repeatedly to a message that said “your call is important to us”.",0.037,0.895,0.068,0.7282,positive,possible_mismatch,low_rating_but_positive_text
Blue Air,Economy Class,1.0,no,"Iasi to Munich, I had just hand luggage, just a rucksacks, to check-in everything was alright, they didn't said anything, like ""hey the Rucksacks is to big or not good"", then to the gates control everything was alright no one said anything.  I was shocked when I saw that before boarding in the plane, the last control place with 30 Min before departure with a lot of people waiting they started measuring hand luggage. Is just funny, because are existing this type of baggage with a standard measure, exact with what the rules of the airplane line are asking for and this bags or not enough good to pass in this special support for baggage. Then we paid 70 euro for the little bags.  Really disappointed.",0.099,0.77,0.13,0.6781,positive,possible_mismatch,low_rating_but_positive_text
Cathay Pacific Airways,Premium Economy,7.0,no,CX790 KUL to HKG and CX826 to Toronto. Premium economy seats all the way. The seats are comfy and have great legroom but still feel cramped when the seat in front reclines. On the first leg KUL-HKG there was no drink service before takeoff or a hot towel in sight something Cathay hypes about in their commercials for premium economy. I was disappointed with the meal service as although we were served economy class meals the portions were tiny for a 14.5 hour flight. Staff were great pleasant and courteous and it was always service with a smile. They weren't around much after the meal service but did respond to calls. Personally I do not think these seats are great value for money due to the inadequate meal service and the general similar cramped feeling of economy. The seat mechanism was difficult to work and my seat would not go upright without the help of a steward who said that they were having problems with the premium economy seat recline mechanism.,0.097,0.755,0.148,0.9129,positive,possible_mismatch,normal
Spirit Airlines,Economy Class,1.0,no,"I traveled by spirit airlines from Santo Domingo to Miami, I paid for my suitcase online and when I got to the airport, they told me that I only paid for the hand luggage, I paid 77 dollars for the hand luggage. (I had never paid for my hand luggage in other airlines) I tell the girl who attended me that I had already paid and she very arrogantly tells me that I still need to pay for the main suitcase. He tells me that it is 116 dollars, but that my suitcase has 4 extra pounds and that I have to pay 50 dollars more, 166 in total. I explained to him that I didn't know that carry-on bags had to be paid for and he told me that this is the company's rule. In total I paid 243 dollars just for luggage, almost half of my round trip flight. I think it's not fair for them to do that. Apparently one has to travel with a backpack. I will never travel by this airline even if they have free flights. They are scammers. Yo viajé por spirit airlines desde Santo Domingo hacia Miami, pagué mi maleta en línea y cuando llegué al aeropuerto, me dicen que yo solo pagué el equipaje de mano, pagué 77 dólares por el equipaje de mano. ( yo nunca había pagado mi equipaje de mano en otras aero linea) Le digo a la chica que me atendió, que ya yo había pagado y ella muy arrogante me dice que falta pagar la maleta principal. Me dice que son 116 dolares, pero que mi maleta tiene 4 libras de más y que tengo que pagar 50 dolares más, 166 en total. Le explico que yo no sabia que la maleta de mano se pagaba y me dijo que esa es la regla de la compañía. En total pagué 243 dolares solo de equipaje, casi la mitad de mi vuelo ida y vuelta. Yo considero que no es justo que hagan eso. Aparentemente uno tiene que viajar con una mochila. Jamás viajaré por esta aerolínea aunque tengan los vuelos regalados. Son unos estafadores.",0.035,0.928,0.038,0.3095,positive,possible_mismatch,low_rating_but_positive_text
KLM Royal Dutch Airlines,Economy Class,2.0,no,"To start with positives, the plane was pretty tidy and well maintained and the supplies given were clean. The cabin crew was very soft spoken and helpful. Now the tough ones. The inflight entertainment system was horrible. Tiny screen with horrible viewing angles and resolution, could barely watch anything properly. The earbuds provided were of very poor quality. The food served, twice to be precise, was totally unpalatable. And to top it all up, we had baggage problems and no response received from the KLM's customer care. Would not recommend, would not fly KLM again.",0.156,0.662,0.182,0.4761,positive,possible_mismatch,low_rating_but_positive_text
Air Berlin,Business Class,5.0,no,"Dusseldorf to Punta Cana. The seating in our plane (AB7446 on Jan 4th 2016) was NOT the one shown on any seating map we could find (not even Air Berlin's). Identical staggered cubicles but inverted window/aisle positions. E.g. second row had 02A (window) and not 02C (aisle), third row had 03C and not 03A and so on. Reason why you won't find my 03C on those maps. Seats are horribly narrow and not long enough in the flat position (I m 184 cm tall, you won't be comfortable lying if you are taller than 170 cm, I tend to think), the reading lamp not usable (light beam never illuminates your book page since there is no flexible support/stem like many airlines offer), and almost no room to put your belongings. Okay for day flight in the seating position. Obviously those seats are not keeping Air Berlin's attractive promises (see their website). They should be changed. These seats are light years away from Qatar Airways Boeing 773-ER's and 772-LR's heavenly comfort). I did not use the IFE unless to track the route. So no idea of IFE's value but it offers a wonderful large screen and terrific high definition for the route tracker. I did not use the connectivity either, unless to charge my tablet battery but there are various sockets available (including USB). Drinks generally OK, real Champagne being an asset. Lunch food was nothing fancy but generally okay, snacks not so okay. Excellent service by highly motivated and attentive flight attendants as well as remarkably professional and kind check-in agent. Amenity kit included slippers, a definite asset as far as hygiene is concerned. Cabin was clean. No separate business class counter during ""night before check-in"" service! Not acceptable in my opinion. My seat and general ratings as well as my recommendation would of course be much better if I were a small tiny person.",0.074,0.735,0.192,0.9935,positive,possible_mismatch,normal
British Airways,Business Class,2.0,no,"British Airways short haul Business Class is nothing more than an economy class seat and maximum 31 inch pitch, with lounge access and a meal thrown in. So is it worth paying three times the cost of an economy ticket? BA recently introduced Business Class on domestic routes and as I got a decent price for booking well in advance, decided to try it out. Checking in was efficient, and the Galleries Club Lounge adequate (no comparison whatsoever with Asian or Middle Eastern Airline lounges). Priority boarding although announced, did not make any difference as economy and business class passengers were in the same queue and confused. Having maneuvered into the cramped seat, I was offered a hot towel as soon as I sat down. I couldn't decide whether to be amused or embarrassed by the new celebrity cast safety video. It was more spot the stars, than listen to the safety instructions. But I guess it was something different BA was trying out. The service on board was surprisingly efficient and swift. Soon after take off, a tasty snack and bar service with premium brands was offered on this one hour flight. The service was good, considering a one hour flight. Despite a Boeing 767, 2x2x2 layout, the cabin felt claustrophobic. To me, this was no different than economy seating, with virtually no leg room. How can this be branded as Business Class? Is the extra cost justified to fly Club Europe? Absolutely not.",0.034,0.858,0.108,0.9503,positive,possible_mismatch,low_rating_but_positive_text
China Southern Airlines,Business Class,4.0,no,CZ304 London to Guangzhou Business class. Staff very friendly attentive and helpful. Our seats 14 K and H were not reclining so we changed to 14 G and D which were reclining but a bit loose as they were happily swinging. Our TV screens were not working. Stop in Guangzhou wait in the lounge. Ok but if you are vegetarian no much to eat. We had a refreshing shower. Boarding next flight CZ305 to Auckland Business class. From the start a strong argument in Chinese with a lady economy class passenger. 4 economy passengers were seated in business class for take off after which two of them refused to move. Finally they were sent back to economy class. Curtains do not work. All the flight through economy class passengers were strolling through business class talking loudly. My seat 14A was not reclining so I had to move seat again. The food was good for my husband and for me (vegetarian option) friendly staff. But at one time our crew member apologised as she was called to help in economy class. Landing in Auckland. Already the huge wave of economy class passengers were rushing through the curtains and was contained by two ladies cabin crew. Luggage collection: We should have got our luggage in priority being business class passengers. Our luggage were the last ones to arrive. It was a very unpleasant experience with many passengers pushing through and piling their numerous pieces of luggage next to you. We have to travel back in two weeks time. Hope that the trip will be more pleasant and of a better quality. On the good side the planes are new and the pilots excellent.,0.049,0.781,0.169,0.9912,positive,possible_mismatch,low_rating_but_positive_text
Spirit Airlines,Economy Class,1.0,no,"We were flying back home on January 16, 2016 from Fort Lauderdale to Detroit after a week long vacation. It was a foggy morning and I understand the initial 2 hour delay, but then told another 2 hours delay, and then another 1 hour delay and then finally after 5 hours it gets cancelled! Meanwhile it's sunny and not a cloud in the sky. Only options given were a refund or rebook on next available which was 24 hrs from initial flight. We took the next available. Overhead announcements you could hear so many other Spirit flights being cancelled as well! By this time all reasonably priced hotels were booked and only ones that were $150+ were left. Not willing to spend more money on accommodations and taxis we chose to sleep at the airport. So 29 hrs later we finally boarded. What an ordeal! But never again would I choose Spirit again or recommend them to anybody.",0.072,0.843,0.085,0.5301,positive,possible_mismatch,low_rating_but_positive_text
Brussels Airlines,Economy Class,1.0,no,"✅ , |  Copenhagen to Brussels. I flew Brussels Airlines in July 2016, due to strike action our plane was more than 2 hours late and our luggage was left behind. I understand these things happen but what I don't understand is the lack of care shown by staff. We were a family travelling from the other side of the world we had nothing and we weren't even offered a tooth brush. No one would reply to our emails our phone calls etc until we wrote on social media (something I have never done before but we we desperate). Our luggage has been previously left behind by Air France but we were kept up to date every minute until our luggage was returned. We are entitled to compensation and we have this in writing. We provided all documents requested and they then asked for our bank details on 1 August 2016 which we provided and we have not heard from them since then.  I have never encountered a company quite like this - no wonder their staff go on strike. I would think twice about flying this airline. Even after the delay leaving our luggage behind you are not even offered a complimentary glass of water!",0.077,0.86,0.063,0.0853,positive,possible_mismatch,low_rating_but_positive_text
Wizz Air,Economy Class,3.0,no,"BEG-LCA and back. Boarding in Belgrade chaotic taking place in a small non-refurbished gate (A8) that can't fit the number of people on an A320 even though our flight wasn't full. Passengers behavior on board appalling same as the attitude of the stewards and FA's. The flight was like a flying bazaar Legroom is none. Takeoff and landing done in an unpleasant manner even though the weather was fine (I'm a frequent traveler). On return boarding at Larnaca gate 41 the one with the stairs. Many people got overcharged for hand-luggage. Crew attentive this time around and passengers well behaved. Got moved to the emergency seat for free. The pilot was a true professional landing excellent. As you can see Wizz Air can be hit and miss. To use only if you're light on luggage and able to respect the stingent rules that could easily make your ""cheap"" ticket skyrocket above the price of the one of a regular airline. Until a year ago Wizz Air Serbia was still allowing free checked-in luggage now only allowed with Wizz Air Ukraine.",0.08,0.799,0.122,0.8647,positive,possible_mismatch,low_rating_but_positive_text
Tunisair,Economy Class,2.0,no,LHR-TUN return to LHR. Aircraft was A320 on both legs a little old but well maintained. Cabin was tidy and the crew were smiling and responding to all demands. Pitch is ok and you are allowed to carry 20 kilos of luggage. We had a choice of 3 meals on a 2 hr 45 mins flight beer is on demand and you could take whatever you want. A good experience.,0.022,0.799,0.179,0.9119,positive,possible_mismatch,low_rating_but_positive_text
Virgin Australia,Economy Class,1.0,no,"VA 171 to Port Vila. We all realise weather can interrupt travel plans but this was an absolute joke. 13 hours of flying in the South Pacific to arrive back in Brisbane with the banal comment from the Captain and Lead Flight Attendant of ""Hope you make it to Vila tomorrow"". A flight full of families with young children and one sandwich and a cup of juice for them. We all know you pay for what you get but this is well below substandard. I have had better service of Aeroflot. No wonder it has been 8 years since I have given Virgin Australia my money for the exact same reason of poor customer care.",0.077,0.793,0.131,0.8481,positive,possible_mismatch,low_rating_but_positive_text
Finnair,Economy Class,1.0,no,"Extremely disappointed and frustrated after my latest trip to Helsinki from London Heathrow. Finnair is one of the most expensive airlines operating in Europe. I normally fly with BA but have used the Finnair service in the past as it was comfortable and peaceful. That does not apply anymore as Finnair whilst continuing to levy premium rates for its flights now have the audacity to charge you for anything but a tea, murky coffee (disgusting anyway) and some strange concoction described as blueberry juice. If I pay for a cheap flight with a budget airline then I expect it to be a no thrills experience and have no problem paying for some in-flight options. But not with what is supposed to be a quality airline charges the highest prices. I also have to add that the entire flight was invaded by noise pollution, constant and endless announcements, often in a flippant manner, and dumbing down of passengers. When I fly it is an opportunity to have some peaceful time, that I did not get, the incessant noise and announcements about such irrelevant matters relating to duty free and cabin crew personal recommendation (often in a childlike format) was stressful. Until Finnair revert to providing a service commensurate with the fare structure imposed, I will refrain from using the airline as there are plenty of other ""good value for money"" options that can offer an experience every bit as good as what Finnair was capable of doing in the past. ",0.088,0.777,0.134,0.9555,positive,possible_mismatch,low_rating_but_positive_text
Emirates,First Class,3.0,no,"Denpasar to Auckland. Very disappointing experience. I treated myself to a First Class frequent flyer ticket. I have flown Emirates First before which was similarly uninspiring - this flight confirmed for me to never bother again. Of course it was spacious and comfortable, couldn’t have been more so. The departure time of 5pm meant it was an ideal time to really enjoy a meal. There were only 6 passengers in First - me, another man and a family of 4 (including 2 young girls). So the cabin staff were hardly busy. After take off I did not see any uniformed flight attendants again, just a women in the serving ‘uniform’ who took food and drinks orders and served meals. She was incredibly surly and often just plain rude. For example, I when I asked for a simple champagne cocktail from the menu she rudely told me that it would take at least 15 minutes to make. Knowing that it only consisted of 2 ingredients I wasn’t deterred as she might’ve thought I’d be. The meal courses were roughly put down and she went through the motions of begrudgingly serving me. It occurred to me that maybe she was in a bad mood because all he colleagues had gone off to rest leaving her to do all the work. It was a very unpleasant experience for me. Not a single smile or kind, gentle word the whole flight.",0.071,0.85,0.079,0.2577,positive,possible_mismatch,low_rating_but_positive_text
Lufthansa,Economy Class,5.0,no,"My return leg from Johannesburg to Tokyo on Swiss had been cancelled and I was put on a Lufthansa flight. The flight was OK but i really felt the food and drink situation was terrible. Johannesburg to Frankfurt was about 10 hours. The first meal consisted of a salad of carrot, squash and aubergine, a roll, a cake with raisins, and a dry pasta with some tomato sauce. Initially, I thought that as the plane was full and I was at the back of the plane that this was the left over option. It transpires that there is only one option and it is vegetarian which doesn't bother me but might others. The pasta was pretty horrible and really felt like something a student might make. Just past and a bit of tomato sauce. the salad was small and bland. The roll and cake were fine. The second meal (breakfast) was a yoghurt a cereal bar and a dry sandwich (also vegetarian). Beer and wine are complimentary but spirits are not and come in at about 7 euros. No snacks or nuts with the drink service though you can buy them. The seat was fine, the entertainment system was difficult to use and had an average selection. The second flight from Frankfurt to Tokyo Haneda which was around 15 hours due to closed Russian airspace was in airbus. The plane was new and clean and the entertainment system was easier to operate. However the food and drink situation was the same. In fact the same nasty pasta was served this time accompanied by a couple of chopped up lettuce leaves. breakfast was the same too. I really felt that for 15 hours on a plane there wasn't much food. I understand that times are tough for the airline industry and that probably Lufthansa are cutting costs with the food and drink service but times are tough for the passenger too and being fed not very much and of poor quality on two different transcontinental flights is a poor showing especially on what is supposed to be a premium airlines.",0.086,0.819,0.095,0.5316,positive,possible_mismatch,normal
Allegiant Air,Economy Class,3.0,no,"Cheap flight, you get what you pay for. flight was direct. flight was pleasant. I was not happy with customer service took me three days to get through. and I only got through because I eventually just picked the Spanish option and luckily the person spoke English. Do not I repeat do not get a car rental through allegiant i asked multiple times that if i needed the car for less time than needed will i be reimbursed they said okay. i got the rental for 2 days and a half total was 250 dollars. which was fine. I only ended up using the car for 5 hours. i was still billed for 2 days and a half. please go directly to the car rental place. my bill would have only been 120.",0.031,0.881,0.088,0.8021,positive,possible_mismatch,low_rating_but_positive_text
Southwest Airlines,Economy Class,1.0,no,"Rather than give me alternatives to solve my ticketing questions, they just hung up on me. American Airlines took care of me in about 6 minutes. Customer service is a wonderful thing. Southwest was built on customer service, it's a shame they've forgotten that.",0.095,0.74,0.165,0.5719,positive,possible_mismatch,low_rating_but_positive_text
Frontier Airlines,Economy Class,1.0,no,"I have made multiple attempts to book round-trip flights for 2 adults and 2 children (ages 3 and 11) from RDU to PHX through the Frontier website. We chose days when “Kids Fly Free” if you have a Discount Den membership and purchase 2 adult Discount Den tickets. Each time I try to book the flight, the “Kids Fly Free” discount is not applied. My husband and I have attempted to call the booking line to 5 times (no exaggeration) to request assistance with booking the flight. Each time, we speak with a friendly representative who apologizes for the issue and states that he/she can’t correct the problem, and we will have to speak with someone in the “Discount Den Department.” At this time, we are placed on hold and either immediately disconnected before reaching the Discount Den representative, or we reach the Discount Den representative and are disconnected within seconds of connecting with the representative. We have sent a feedback message through the website to request assistance with this matter and received an auto-response email stating that we will hear back from someone within 10 days or our email. Not surprisingly, we have heard nothing! I guess we will need to look for tickets elsewhere.",0.021,0.932,0.047,0.5313,positive,possible_mismatch,low_rating_but_positive_text
Mango Airlines,Economy Class,4.0,no,"I flew to Lanseria from Cape Town to see my sister who lives nearby and onward to New Zealand out of JNB the next day. I'd previously done the flight with Kulula, the only other airline flying this route and thought I would give Mango a try. Unfortunately Mango have overlooked the fact that some passengers on their budget flights inside South Africa use their flights as connecting flights to international flights and their draconian limits on both checked-in and carryon luggage make this a very bad fit. Kulula are also a budget airline but I have always been treated with some empathy from them when I mention my 23kg suitcase and 2 items of carryon (overnight bag and separate laptop) are associated with a longhaul flight. The Mango groundstaff in Cape Town were rude and unsympathetic. Luckily I was at the airport early and takeoff was delayed 1 hr as I was made to repack and redistribute items between bags on the floor in front of the sultry check-in lady 5 times all the while with she laughed and chatted away to colleagues. Eventually she let me go without a smile, thank you or good wish. A pity really- as has been reported on this blog the pilots are jovial, polite and informative pointing out geographical features on the route and our pilot and the cabin crew were great. What could have been the first of many flights on Mango was negated by a member of groundstaff whose bad attitude ruined the experience.",0.097,0.81,0.093,0.4044,positive,possible_mismatch,low_rating_but_positive_text
Turkmenistan Airlines,Business Class,3.0,no,Flight out of Heathrow was in economy flight nowhere near full so had 3 seats to myself food surprisingly top quality but service lacked friendliness. Cabin was shabby and in need of refurbishment! Pilots made no announcements. Flight back to Heathrow I was upgraded to business class without asking. The seat was obviously bigger but lacked the foot extension you get with Emirates business class the seat was also in need of replacement due to shabby arm rests. Service on return flight was very good flight attendants friendly and spoke fluent English. Food plentiful and a choice of three dishes also provided with a flight pack pillow and blanket. All in all flight home was great because of the comfy seat that allows some chance of sleep. My biggest gripe is after checking the web for info on the 757-200 the aircraft is around 20 years quite old but the planes look it.,0.016,0.844,0.14,0.9692,positive,possible_mismatch,low_rating_but_positive_text
Etihad Airways,Economy Class,2.0,no,EY141 to Toronto - Sept 23 2014. Flight attendant ignored me (seated by window) a few times as they brought snacks and drinks to the two men beside me. I had to speak up and do a hand signal for them to attend to me. The light call for an attendant was ignored for over an hour that I had to flick the switch on and off after that to even get their attention as I was just too parched and finally when they showed up I had to asked for 2 full glasses of water. It was pretty slow service all along. Even retrieval of food trays took ages. The meals were unappealing compared with other airlines I've flown with previously - and 2x they did not give me an choice but just gave me whatever. I do not know why and at this point I could not care - as I feel I have a better choice of airlines in the future.,0.039,0.914,0.047,0.32,positive,possible_mismatch,low_rating_but_positive_text
Libyan Airlines,,3.0,no,Manchester to Tripoli Airbus A320. Plane was a little old and tired looking. Only 15 passengers on board and I was the only one in Business Class. Seats were OK food was fine. The flight took off on time and arrived in Tripoli on time. Based on costs and timings this was very good value compared to British Airways.,0.039,0.803,0.158,0.7887,positive,possible_mismatch,low_rating_but_positive_text
Etihad Airways,Economy Class,5.0,no,"Abu Dhabi to Sydney. I expected much. Great plane, I thought, special service level, I thought - but it was really disappointing. The staff are not friendly, the seats are unsuitable for a 14 hr flight, the food supply is mediocre. Only plus is the entertainment system, including ""live"" world cup football. For future long flights I will definitely choose another airline.",0.108,0.738,0.154,0.3545,positive,possible_mismatch,normal
Spirit Airlines,Economy Class,3.0,no,Low fare comes with really low quality service. It took more than 40 mins to get our luggage. Moreover the officers spirit airlines at Philadelphia airport was closed and no one was there to answer our questions. I used to travel in spirit for its low fare and good service. It’s time to switch to another airline for faster turnaround time and good service.,0.119,0.757,0.124,0.1045,positive,possible_mismatch,low_rating_but_positive_text
Thomas Cook Airlines,Economy Class,,no,Having flown with TC every year for 6 year to the canaries we decided on Mexico 5/11/2014 from Manchester I have to say it was a senior crew inbound and outbound they were fantastic a real credit to TC the flight was ok but the seating so tight and uncomfortable by the time we arrived my husband said never again we ask people who has upgraded they said not much better The holiday was great. We loved Mexico and would like to go back don't think my husband will return.,0.062,0.727,0.211,0.9485,positive,possible_mismatch,normal
Delta Air Lines,Economy Class,1.0,no,"When we flew to MCO from STL with American was wonderful. Then we get ready to come back and with Delta. They took $1,178 twice out of my account for first class. Then the tickets did not change and I paid 31.98 for comfort seats. Well you guys got $2435 for two people to go from MCO to STL to ride in seats 32 A&B. How is that possible. I will never fly Delta again.",0.0,0.868,0.132,0.8689,positive,possible_mismatch,low_rating_but_positive_text
Frontier Airlines,Economy Class,1.0,no,"I used to like Frontier, and I would pick it over higher cost carriers. They had comfortable seats, their staff were pleasant and helpful, and I never had a problem with them. Then I flew them this weekend. It was the worst flying experience I have had. They charge you for everything, your seat, carry on luggage, a coke. We easily spent a couple of hundred dollars over the ticket price, so their ""low cost"" ticket turned out to be pretty expensive. Secondly, the seats are now just a frame with cheap plastic slung across it - it's very uncomfortable, they are packed in there, and you can't even recline. Thirdly, it's poorly run. At the airport, we had to wait in line for a half hour at the ticket counter, even though we had already checked in online and were just dropping off a bag. In short, pick any other airline-it will be cheaper in the end and you'll have a better experience.",0.051,0.827,0.122,0.9059,positive,possible_mismatch,low_rating_but_positive_text
Spirit Airlines,Economy Class,1.0,no,"The return flight was a complete nightmare. Started with delays and staff did not know why. Informed passengers we would have to stay in hotel or fly to first stop get on a bus to our final destination. Landed in Fort Lauderdale and as told by Spirit Airlines go to main customer service counter and they would have meal vouchers and bus vouchers ready. Well nobody gave us vouchers, supervisor was rude and said he could not honor such vouchers and made us wait over two hours and then never came back out to counter. It was unbelievable, we asked other Spirit Airlines reps and they kept saying to wait. I heard other customers complaining as well and vouchers in hand and told they would not honor due to misunderstanding. Some ticket counter agent sent us downstairs to another Spirit Airlines office where supposedly we received bus transportation voucher and we were told to wait outside bus would be there soon. Waited one hour and a no bus. Asked again and nobody could help and we were told go back upstream to ticket counter. In my entire traveling life I had never experienced such horrendous customer service. We decided to rent a car and drive to our final destination Orlando Fl. We will never fly Spirit Airlines again.",0.078,0.829,0.094,0.4211,positive,possible_mismatch,low_rating_but_positive_text
United Airlines,Economy Class,1.0,no,"Oklahoma City to Washington. Today I had the seemingly bad luck of flying with United.  After getting to the airport I found out my flight was cancelled. Once I found out I went to the nearest United ticket counter but on the way ran into a gate agent who said ""you should have known the flight was cancelled since 1pm."" I responded sorry I was at work I didn't know.  She tells me her plane is arriving which wasn't at the gate refused to help and does a slight jog to the gate and tells me to go back through security to the ticket desk.  Once I get to ticketing outside of security the agent simply keeps repeating that ""flight is cancelled due to weather"".  She reluctantly says after me asking repeatedly what does that mean, that I have to get myself a hotel for the night. She doesn't offer me any kind of information on how or who to call. She just ask if i was from there and I said no. After I ask another agent what does this mean she hands me a pink form with number and how to get a hotel. I then go back through security and once I look at the board I see a flight that will get me out of OKC with these very unhelpful United Employees. I call customer service and they rebook me on the IAH flight so I can get out of OKC and guess whose gate it is... The gate agent who says she was so busy even though the plane had not arrived and was being very dismissive The agent on the phone checked me in and I had them on speaker phone. I explained that to her and she goes policy is we can't let you on the flight because it's too close to departure. The same lady that told me I should have known in our previous encounter says says ""you should have called earlier."" I emphatically explain how when I'm checked in already and I'm on the phone with a United Employee. He was on speakerphone ""are they not letting you board? You are checked in."" She again says no and to talk to her supervisor and points. She says it's policy but then reluctantly walks over and let's me board as if she was doing me a favor.  Apparently policy didn't matter then and I wish the ordeal stopped there. When I get on the plane all of the bins are closed so I ask where can I put my bag. As far as I am concerned it could have been checked. The flight attendant gives me a bewildered how do I know look and ask what seat I'm in. It really didnt matter when I'm one of the last people on the plane and all bins are closed.  I go to my seat and open multiple bins only for her to to walk back and open one bin that has room and wasn't by my seat.",0.044,0.891,0.065,0.9435,positive,possible_mismatch,low_rating_but_positive_text
Jetstar Airways,Economy Class,1.0,no,Perth to Bali. This must be the worst airline that I have ever travelled with and I have not even left the ground yet! I make the booking for a pleasant time of day and even pay extra for the privilege then within a week they reschedule it to a horrible time. After four phone calls and several weeks of aggravation they finally manage get a booking on a flight leaving at 9 am - OK not a bad time. Then we arrive at the airport to be told that they have transferred our Aircraft to a domestic route and we are rescheduled from 9 am to 4 pm - OK Bali at 8 pm hotel at 10 not bad. Then an hour later they reschedule to 7 pm departure! Midnight at the hotel and a days leave wasted and I have not left home yet!,0.08,0.81,0.109,0.7043,positive,possible_mismatch,low_rating_but_positive_text
Etihad Airways,Economy Class,6.0,no,Melbourne to London. All in all decent experience. Crew were excellent on both legs especially considering that the Abu Dhabi leg was completely full. Good entertainment system and food not bad. The major drawback is the seat pitch. Seats themselves fine but when they're crammed it affects the whole experience. Might make me consider another carrier in the future for that reason.,0.0,0.853,0.147,0.778,positive,possible_mismatch,normal
Jetblue Airways,Economy Class,1.0,no,They held us at the gate in Miami at the arrival for over 2 hrs for no explanation. Airplane got filled with fumes after a while and was hard to breathe. Another incident with had from Cancun to LAX when they overhauled the luggag and waited for 3 hours to fix luggage issues offering people to remove their luggage. And they removed one of our luggage without asking. Just horrible airline.,0.063,0.899,0.038,0.0387,neutral,possible_mismatch,normal
WestJet Airlines,Economy Class,1.0,no,"My flight to Montreal from Calgary was delayed and I missed my connecting flight to Boston as a result. I went through US pre-clearance in Montreal in an attempt to get to the gate to speak to a Westjet representative. Imagine my surprise when there were no Westjet representatives at the gate or in US departures section of Montreal airport. Instead, another customer and I attempted to call Westjet to attempt to enquire about our bags and alternatives, but were put on hold for upwards of 15 minutes and it was only after a United Airlines representative helped us out that we were able to enter Canada again in order get to the arrivals baggage carousel in Montreal. We then went to the Westjet counter at arrivals, again, the counter was empty and another United representative had to call a Westjet representative in Montreal. It took another 20 minutes for one to amble over to the abandoned Westjet counter at arrivals. It took over one and a half hours to talk to someone in person, by which time it was too late to even consider other Westjet flights to Boston. Of the four customers who were let down by your service, two are driving back to the United States and the other bought a last minute ticket with Air Canada. I am now stranded in Toronto until 1/5, where I was rerouted to. The process of ensuring I had a place to sleep and food to eat tonight was also ridiculous, I was only able to secure meal vouchers - despite asking specifically about them at Montreal and the Westjet rep there assuring me that they would be provided - after haggling with Westjet representatives at Gate B26 in Toronto. Again, another example of a failure at communication within Westjet. It is disgraceful that I was only able to access the right people via United representatives, who were infinitely more helpful than any of the non-existent reps at US departures in Montreal. Tight connections seem to be a recurring issue with Westjet. It is irresponsible of the airline to sell connecting flights when the second flight departs less than an hour from the landing time of the previous one. This would be an issue even without any delays but seeing as I have been delayed multiple times with Westjet (my previous flight from Boston > Toronto > Calgary being another example), it is frankly dumbfounding that the airline still has the gall to sell these flights. I do not plan on flying with Westjet again and will be encouraging my friends and family in the United States and Canada to similarly take their business elsewhere.",0.055,0.86,0.086,0.9592,positive,possible_mismatch,low_rating_but_positive_text
PLAY,Economy Class,1.0,no,"We arrived 6 hours early and was told that all flights were cancelled and that they would try for the next day, but all of the flights were booked for the rest of the week so it wasn't possible for us to get it rebooked or to get to our destination without spending an extra $2000 on top of the refund we are now getting. We didn't get any notifications, was told that if we book by third party they would notify the third party. We called the third party, the third party had no idea of what we were talking about. We even checked the flight schedule as we went to the airport as well, and it showed that it was on time. Had we been notified before, it would have all been fine, we wouldn't have to currently scramble for what we are doing the next week. There was no communication, we wasted a car rental, an additional hotel room on top of the other hotels we already had reserved in Iceland that could have been cancelled with refunds had we been notified. The lack of communication coupled with the fact you can't even get a real representative without going through the weird puffin AI agent is enough to tell me that this is not an airline worth booking with, and if anything, it is better spent at another airline where actual people work at, and can talk with you, is worth whatever extra cost it may be (and let me assure you I highly doubt the price differential will be as much as it has been for us to make sure that we have a place to stay especially since it is Christmas.",0.076,0.815,0.11,0.9024,positive,possible_mismatch,low_rating_but_positive_text
