AirlineName,CabinType,OverallScore,Recommended,Review,sentence_count_period,proxy_label,vader_original_full,vader_original_sentence_avg,vader_adjusted_full,vader_adjusted_sentence_avg,vader_final_score,vader_final_label,vader_final_score_source,vader_final_threshold,dataset_label_recommended,dataset_label_rating,dataset_label_high_confidence,dataset_label_consistency
TAP Portugal,Economy Class,7.0,no,"Booked my flight during the pandemic and rescheduled twice. Endless calls with TAP's contact centre. Contact members giving contradicting advice on flight options. Some employees would be very calm and patient, others would simply cut the line. This part was horrible. I spend hours calling them. We took our flights with a 6-month baby and used the bassinet. We had our doubts beforehand, but were positively surprised. Staff was very friendly and helpful. Aircraft clean and well maintained. Layover in Lisbon straightforward. Lisbon-Amsterdam was a full flight, so space was limited unfortunately. Wanted to share this experience, because TAP has such a bad rating. I have flown TAP before to Brazil and must confess that both my experiences weren't bad at all. Contact centre must be improved though.",15,unknown,0.9664,0.11614,0.9301,0.0911,0.9664,positive,vader_original_full,0.05,negative,positive,unknown,conflict
Cathay Pacific Airways,Premium Economy,7.0,no,CX790 KUL to HKG and CX826 to Toronto. Premium economy seats all the way. The seats are comfy and have great legroom but still feel cramped when the seat in front reclines. On the first leg KUL-HKG there was no drink service before takeoff or a hot towel in sight something Cathay hypes about in their commercials for premium economy. I was disappointed with the meal service as although we were served economy class meals the portions were tiny for a 14.5 hour flight. Staff were great pleasant and courteous and it was always service with a smile. They weren't around much after the meal service but did respond to calls. Personally I do not think these seats are great value for money due to the inadequate meal service and the general similar cramped feeling of economy. The seat mechanism was difficult to work and my seat would not go upright without the help of a steward who said that they were having problems with the premium economy seat recline mechanism.,10,unknown,0.9129,0.04143,-0.3689,-0.09128,0.9129,positive,vader_original_full,0.05,negative,positive,unknown,conflict
Onur Air,,9.0,no,Belfast to Dalaman. Good flight both ways no delays. Staff friendly flight from Dalaman to BFS had TV screens showing a map of where you were Bought food and drink on-board as Onur Air do not do in-flight meals a tin of coke cost €4.00 which in uk pounds was £3.50 - so if you dont want to pay big prices buy some food and drinks before you board your flight. Safety demo in English and Turkish nice plane.,6,unknown,0.8616,0.2286166666666666,0.8113,0.1879666666666666,0.8616,positive,vader_original_full,0.05,negative,positive,unknown,conflict
Santa Barbara Airlines,Economy Class,7.0,no,I tried to avoid Santa Barbara at all costs for trip between Caracas and Miami round-trip. They had been notorious for very long and cruel delays. Had no more choice and to be fair was pleasantly surprised that my experience was quite good. Flew in an old but nicely refurbished B 767. 300 that I think has helped them regain some kind of decent scheduling. For both round-trip segments the flight was very much on time and they now offer economy plus as an option with lots of leg room. Meals were ok and the staff very cordial. I have to say it is much improved and would fly them again. However it may still be a gamble in terms of on time departures.,9,unknown,0.8851,0.1208888888888888,0.8851,0.1208888888888888,0.8851,positive,vader_original_full,0.05,negative,positive,unknown,conflict
Singapore Airlines,Business Class,7.0,no,Singapore to Bangkok. Seat and plane were pretty new. Seat was comfortable. Food was terrible. Crew was friendly. Lots better than their economy class crews. Overall was okay.,7,unknown,0.886,0.2412,0.836,0.1989571428571428,0.886,positive,vader_original_full,0.05,negative,positive,unknown,conflict
Delta Air Lines,Economy Class,10.0,no,"Toronto to Ft Lauderdale via Detroit. The lady at Delta baggage claim at Detroit was super helpful, I left my mom’s medication in my luggage (carry on got checked at boarding, thought I would be able to pick it up when I get off the plane). After the gate agent telling me it’ll take hours to get my luggage back, she got it back to me in half an hour.",3,unknown,0.7717,0.2572333333333333,0.7096,0.2365333333333333,0.7717,positive,vader_original_full,0.05,negative,positive,unknown,conflict
Lufthansa,Economy Class,8.0,no,A380-800 FRA-MIA in coach on 3/1/2015. Flight left promptly on a dreary day in Frankfurt. Seating in row 83 was a bit tight but I had ample shoulder room at the window thanks to the curve of the plane's fuselage. Two full meals were served over the 10 hour flight and the crew was pleasant and the flight was amazingly smooth at 40000 feet.,4,unknown,0.8225,0.190825,0.9192,0.2542999999999999,0.8225,positive,vader_original_full,0.05,negative,positive,unknown,conflict
Emirates,Economy Class,7.0,no,"Very efficient booking and check in. Very good value for the money. All flights on time and excellent entertainment choices inflight. Meals were ok, not great. The only complaint would be that the staff were grumpy most of the time. Service level of the female staff was below any acceptable level for any reputable airline.",6,unknown,0.9056,0.2421499999999999,0.8478,0.1861833333333332,0.9056,positive,vader_original_full,0.05,negative,positive,unknown,conflict
Delta Air Lines,Economy Class,10.0,no,"New Orleans to Seattle. Why are you charging $5 per flight for wifi and now not allowing people who have pre paid for their phone contracts to include in-flight wifi be stuck paying twice? Seriously? Not like $5 per month but $5 per flight? Everything else is great but this just seems greedy, obnoxious, and unfair to those of us who paid specifically for this reason and now have to pay an additional fee on nearly half the flights we take.",2,unknown,-0.84,-0.42,-0.84,-0.42,-0.84,negative,vader_original_full,0.05,negative,positive,unknown,conflict
Virgin Atlantic,Premium Economy,8.0,no,"✅ , |  London Heathrow to Johannesburg in Virgin Atlantic premium economy. Was last to board due to delay in from Manchester but plane held and welcomed onboard. Complimentary prosecco offered numerous times. Seat very good and comfy and tables in arm rest great idea as negates seat reclining on to you. Post take off drinks and not confined to one. Menus handed out and although choice not too good, did find 1 course to liking which was hot and tasty. Coffee in large china mug was nice touch and refills plenty. Offered liquors - yes did appear cheap- but drinks available all flight without hassle and the small bar quite good for snacks. IFE was very good - no issues with quality or needing re-boots. Staff very attentive when required and they appear to service both Premium economy and economy now. Small amenity bag had all requirements. Flight back of similar experience although as found many times before, FA's weren't as attentive this flight but never seem get 2 great crews. Plane is best yet, beating the A380 Boeing 747-400 and 777.",13,unknown,0.9911,0.3134538461538462,0.9913,0.3306153846153846,0.9911,positive,vader_original_full,0.05,negative,positive,unknown,conflict
American Eagle,,7.0,no,YYZ-ORD-YYZ. Booked flights on American Eagle online then realised that they use rather small aircraft and regretted it! However our return flight from Toronto to Chicago was pretty good. Check in and bag drop was fast efficient and the AA staff on duty were courteous and friendly. Admiral's Club lounge was ok at both ends - complimentary glass of wine in ORD. Both flights on time and the advantage of these smaller Embraer 145s is that they can be filled and unloaded quickly. Efficient FA each way if not over friendly and complimentary soft drinks served. Seat belt sign on for duration of flights each way a few bumps here and there. Seats were comfortable enough for a one hour flight and leg room was ok (neither my partner or I are particularly small people). Landed early at Toronto and sat on runway for a few minutes waiting for gate to become available. But all in all a pretty good experience for the fare.,10,unknown,0.9688,0.42501,0.9656,0.4174399999999999,0.9688,positive,vader_original_full,0.05,negative,positive,unknown,conflict
Brussels Airlines,Economy Class,8.0,no,I fly BRS-BRU by Brussels Airlines (actually operated by BMI Regional) 3 or 4 times a year. The flights are good; punctuality excellent efficient online check-in comfortable seats and crew efficient. Frankly though they should be as the standard fare (BFlex) is over £600 for two one-hour flights. They claim a cheaper BLight fare exists but even booking 6 or 8 weeks in advance it never seems to be available. To add insult to injury after paying £600+ you are charged £5 to use a credit card that is just extortion. Premium fares and low-cost money grabbing tactics do not go well together.,6,unknown,-0.2313,0.0139833333333333,-0.183,0.0146666666666666,-0.2313,negative,vader_original_full,0.05,negative,positive,unknown,conflict
Turkish Airlines,Economy Class,10.0,no,"Istanbul to Izmir return. The flights boarded and departed on time, the crew were excellent, and drinks and a sandwich were served on the hour flight and return as well. Compare that a domestic flight in the United States where nothing is served on an one hour flight.",3,unknown,0.8225,0.3739333333333333,0.836,0.3828,0.8225,positive,vader_original_full,0.05,negative,positive,unknown,conflict
United Airlines,Economy Class,7.0,no,"United Airlines from Washington to Paris CDG. The plane was clean, and whilst I usually run into grumpy United Airlines staff, this flight had very friendly and polite crew. The major problem is that on an 8 hour flight, alcohol is not free, this is the first time I fly on a non-budget airline, actually one of the world's largest airlines, and alcohol is not free. I find it really cheap especially as alcohol helps me sleep in an economy seat on long flights.",4,unknown,0.7399,0.220625,0.6208,0.205225,0.7399,positive,vader_original_full,0.05,negative,positive,unknown,conflict
China Airlines,Business Class,10.0,no,SYD-JFK via TPE/KIX. All flights arrived on time. Sydney-Taipei flights (A330) have the long haul 166 degree angled flat beds. Taipei-New York was in the first newly refurbished 747 which is the same business product as Thai Airlines/Gulf Air/Turkish. Excellent product and nice new pillows and soft duvets. Food high quality and AVOD lots of choice. Quick transfer at TPE but total journey was 29hrs. The price justified the route and choice of airline. Would fly again.,9,unknown,0.7783,0.1288666666666666,0.7876,0.1311333333333333,0.7783,positive,vader_original_full,0.05,negative,positive,unknown,conflict
Kenya Airways,Economy Class,8.0,no,NBO-FIH. Check-in at the Jomo Kenyatta airport was slow as usual with long lines starting outside the terminal. Flight on time on a 767-300 for some reason IFE was not available but I did not mind as the flight was 3 hrs. A nice hot breakfast was served after take off by a very friendly almost all male cabin crew. Great flight overall  with good standards and professional crew for an African airline.,5,unknown,0.9635,0.30662,0.967,0.29218,0.9635,positive,vader_original_full,0.05,negative,positive,unknown,conflict
Thai Smile Airways,Economy Class,7.0,no,Hat Yai to Bangkok. They’re not provided free 10 kgs plus luggage for Royal orchid plus program (I’m a silver member) even on the website of them still show this benefit.,2,unknown,0.2018,0.1009,0.2018,0.1009,0.2018,positive,vader_original_full,0.05,negative,positive,unknown,conflict
Qatar Airways,Economy Class,7.0,no,"London to Kuala Lumpur via Doha. LHR to Doha was great in A380, seat was comfortable, IFE was super but what stands out was the service by the crew.  Food was alright, nothing special, but I did end up feeling rather hungry in transit. Doha-KUL was awful on A340, crammed, people wanted to sit with other family members and disrupted the seating set up for others. In the end, I was made to move because a father and his son wanted to sit together.  Made to sit on aisle seat at 4 in a row. After take off, a flight attendant came to deliver and by hand luggage from where I had sat and stowed it. Nice gesture but a little bit indifferent at my displeasure at having to move from my booked seats. Uncomfortable seat, IFE temperamental. Food was okay. I would order special diet/meal next time.",11,unknown,0.9048,0.0976454545454545,0.8801,0.1014363636363636,0.9048,positive,vader_original_full,0.05,negative,positive,unknown,conflict
Aegean Airlines,Economy Class,7.0,no,Vienna from Athens. At the gate we were offered the option of checking in our hand luggage at our own discretion which I like. The flight was almost full and was on time. The seat space is very tight considering it is not a low cost carrier compared to other airlines from the same group (Star Alliance) but for a two hour flight its tolerable. The cabin crew was polite with passengers but you could see some friction between some of stewardesses.,5,unknown,0.5035,0.15906,0.6963,0.18466,0.5035,positive,vader_original_full,0.05,negative,positive,unknown,conflict
China Airlines,First Class,9.0,no,The First Class cabin is very good full 180 degrees flat sea the food was great and there was very nice service from the flight attendants. I looking forward to using China Airlines again.,2,unknown,0.8856,0.4428,0.8856,0.4428,0.8856,positive,vader_original_full,0.05,negative,positive,unknown,conflict
Virgin Atlantic,Business Class,8.0,no,This review is for Upper Class. Very comfortable seats and bed but difficult to see out of the window. Food service was too fast no sooner had you put the coffee cup to your lips and it was whisked away! Same for the food and I am not a slow eater. Flight attendant very friendly but forgetful (forgot my breakfast). Other airlines have a much better business class product.,5,unknown,0.4736,-0.0720599999999999,-0.3903,-0.10216,0.4736,positive,vader_original_full,0.05,negative,positive,unknown,conflict
Hainan Airlines,Economy Class,9.0,no,"Heavily delayed flight but outside of airlines control. This is simply the best domestic airline to fly within China. Despite not having an exit row seat, I had great legroom. From Lanzhou to Xi'an the seat beside me was empty but after the short stopover, it was filled on the next leg to Xiamen. A snack was served on the short first leg, with a full delicious meal handed out on the second leg. I was able to be served several cups of juice on each leg, which was great considering how delayed and thirsty I had become. The staff onboard were fantastic and went out of their way to obtain an English newspaper for me, being the only westerner on this scheduled service. Inflight entertainment was from Android tablets that were not really setup for English users but I was able to get it to work. Overhead monitors also played the ubiquitous Just For Laughs Gags show from Canada that is on every airline and train station in China.",9,unknown,0.99,0.3971111111111111,0.9898,0.3938,0.99,positive,vader_original_full,0.05,negative,positive,unknown,conflict
Virgin Australia,Economy Class,7.0,no,"First leg was great MEL to DRW. Second leg to Perth not so good. They ran out of food very quickly, and for someone with food allergies that's really frustrating, as it means going hungry for 4hrs, and also didn't even have decaf coffee. Who wants to drink caffeine at 9pm? That's the main issue I had, that and a member of staff referring to people as ""you's"", which I find very unprofessional. For anyone who isn't Australian, it's how some refer to more than one person. It's slang, and I personally just found it rude and annoying. Also the WiFi didn't work, not for me anyway, so I couldn't watch anything, but fortunately I knew this would happen and loaded some stuff onto my phone beforehand, something I recommended everyone do. Considering the ticket cost me $550, I expected more.",8,unknown,-0.5434,-0.1603625,-0.1424,-0.0794125,-0.5434,negative,vader_original_full,0.05,negative,positive,unknown,conflict
Cathay Pacific Airways,Business Class,8.0,no,"I had too many expectations of this company. The product is not bad, but is nothing exceptional. For example: Cathay meal trays that contain everything (starter, main course, dessert). Presentation - it's a meal tray, difficult to present something appetizing. Emirates, Qatar and Swiss to name a few: 4-course meal, served one after the other, with a nice presentation. Seat not bad, but again, nothing exceptional. Qatar Airways is better. Cabin crew very nice and attentive staff. However, the service is slow during meals. The food arrived 40 minutes after the tablecloth. I wondered if the food was on the same plane or if someone had gone to get some. The first served had finished eating, while I was still waiting to be served. The food is good. Plane modern, clean.  I am happy with the 4 flights I made with this company. Will I fly with them again? Yes, if the price is low. For a standard price, I will choose another company.",17,unknown,0.9826,0.1769411764705882,0.9859,0.1908470588235294,0.9826,positive,vader_original_full,0.05,negative,positive,unknown,conflict
LOT Polish Airlines,Business Class,7.0,no,"✅ , |  Toronto to Paris via Warsaw with LOT Polish. Booked award flight through Aeroplan. Usually we never print out tickets, just check in with passport. Not with LOT Polish, the check in lady insisted that she can't see our tickets and need our eticket numbers. So keep this in mind! Aeroplan has tendency also to send itinerary change emails/ change of eticket number. Perhaps disconnect of communication between Aeroplan and LOT. Other than that, Do not hesitate to fly in business class.",7,unknown,0.7009,0.1247571428571428,0.7009,0.1247571428571428,0.7009,positive,vader_original_full,0.05,negative,positive,unknown,conflict
Kenya Airways,Economy Class,7.0,no,LHR-NBO. Had read on here from many posters that the IFE is grossly unreliable and not surprisingly I struck the same with the entire side of the plane without IFE. No compensation but not=too bothered as was an overnight flight and I slept. Arrival procedure in Nairobi bordering on chaotic with visa process etc and baggage hall a shambles but not fault of airline. Having made the choice over BA/VS to see something different I was satisfied staff were surprisingly good.,5,unknown,0.7102,0.0344999999999999,0.4951,-0.01828,0.7102,positive,vader_original_full,0.05,negative,positive,unknown,conflict
Malaysia Airlines,Economy Class,8.0,no,"Kota Kinabalu to Kuching. Ground staff at the Kota Kinabalu Airport was not inconsistent (check-in counter). Some are good and some was not interested. Flying on this Malaysia Airlines Boeing 737 with an ageing interior is no problem as our flight only takes 1h and 30m. This aircraft might be problem for those who fly more than 3 hours I think. The aircraft condition was clean and well maintained. Just a little bit dirty on table tray and the sest pocket infront you. Cabin crew service was friendly and efficient. Ecnomy class wass almost full at that time. No inflight entertainment. They have a drop screen just for safety procedures video. Onboard food was good. I get an emergency seat so I get a roomy legroom. Just the main problem is the seat can't recline. But it's comfortable for me. Overall, the flight experience is good and cabin crew is highlight for me. I hope for future they can improve on their domestic and regional product.",17,unknown,0.9689,0.1347117647058823,0.969,0.1553823529411764,0.9689,positive,vader_original_full,0.05,negative,positive,unknown,conflict
Belavia,,8.0,no,FRA-MSQ-LGW. Outbound from FRA a Tupolev 154 in quite good condition compared to Iranian 154s but still a very old type. Food service OK hot meal but nothing remarkable. Return to UK by ex-Continental 737-500 very nice flight in an empty row good meal and multiple drinks services.,4,unknown,0.836,0.1161,0.7783,0.10005,0.836,positive,vader_original_full,0.05,negative,positive,unknown,conflict
Etihad Airways,Business Class,7.0,no,Phuket to Abu Dhabi. Business Class. Check-in was chaotic but this is the airport's fault not Etihad. Was asked to come to front of queue as I'm Gold Elite. Flight was fine - seats are leather. Staff is just ok. Nothing special or memorable.,7,unknown,-0.7459,-0.0709142857142857,-0.7459,-0.0709142857142857,-0.7459,negative,vader_original_full,0.05,negative,positive,unknown,conflict
Aeroflot Russian Airlines,Economy Class,7.0,no,"I was traveling alone with my six-month old baby. The first leg from London to Moscow went smoothly. The aircraft was very comfortable and there was an option of a bassinet. I am especially thankful to a flight attendant who was extra helpful and attentive to me as she saw that I was alone with a small child. The second leg from Moscow to Bishkek was much more difficult. It was a red eye 4-hour flight. I had zero help from the crew even when locating the seat and trying to manage my cranky and tired baby, and at the same time putting the carry on bag on top. The bassinet option was only available in business class. The temperature on the plane was extremely high. It was unbearably hot for the whole duration of the flight. The crew did not offer any help whatsoever. Traveling alone with a small child is a mission in itself. But there was no sympathetic attention from that crew at all.",13,unknown,-0.3789,-0.0284846153846153,-0.418,-0.0345923076923076,-0.3789,negative,vader_original_full,0.05,negative,positive,unknown,conflict
Emirates,Economy Class,9.0,no,"Khartoum to Rome via Dubai. Very pleasant flying experience with Emirates. Seats were very comfortable and food was very good. The cabin crew very kind and attentive. On my way back to KRT, I had a long stopover in Dubai and Emirates provided accommodation very close to the airport. The transfer service to and from the hotel was efficient and fast and I was able to rest before continuing my journey to Khartoum. In addition, the fare was very cheap. I will fly with Emirates again.",8,unknown,0.9507,0.2907625,0.9464,0.2875749999999999,0.9507,positive,vader_original_full,0.05,negative,positive,unknown,conflict
Uzbekistan Airways,Economy Class,7.0,no,"Tashkent to Urgench. Check in for this flight was simple and straight forward at the domestic terminal in Tashkent. Collecting a boarding pass and passing security took less than 10 minutes. We were bussed to the plane and boarding was simple and straight forward. The 4 crew were pleasant and spoke in 3 languages. Drop down screens gave the pre flight safety presentation, which 20% of the passengers ignored. Take off was swift and the captain gave a simple on board welcome in 3 languages. The cabin crew did not enforce seat belt rule on passengers not using them, but quickly stopped a person having lighting up a cigarette. Cold refreshment's (coke, sprite, juice and water) where served straight after take off, but people in economy walked into the business class section for hot tea. The 1 hour flight was in good weather and a low cruising altitude gave good views from the windows. The cabin was 3 - 3 seats and the interior was clean and bright. The cabin was a bit like Wizz Air. There was no IFE other than drop down screens that played a video of Uzbekistan. The landing was good and the empty airport was simple to navigate. Bags arrived within 10 minutes and we were out of the door into the clutch's of taxi drivers.",15,unknown,0.968,0.2122066666666666,0.9578,0.20678,0.968,positive,vader_original_full,0.05,negative,positive,unknown,conflict
Korean Air,Business Class,9.0,no,NRT-ICN-DPS-SIN-ICN-NRT in Business class. Besides the fact the AVOD does not have an extensive list of choices for such long flights I cannot fault Korean Air. The flight attendants were well dressed smiling and spoke English well. The vegetarian special meals were inventive. I was lucky enough to fly the A380 between NRT and ICN and it is a joy. There is a full bar in the back and a mini one up front. The seats on the A380 are completely lie flat and very comfortable for sleeping if not a bit hard. The A380 is also extremely quiet. The lounge in Icheon was a bit overcrowded but it is the summer travel season.,9,unknown,0.884,0.3120888888888888,0.8799,0.3232888888888888,0.884,positive,vader_original_full,0.05,negative,positive,unknown,conflict
Qatar Airways,Business Class,7.0,no,"My flights between JFK and Doha have been excellent service except for the rock hard bed. Surely a padded mattress could be available. Between Doha and Sydney on much older planes. My return flight from Sydney to JFK no lounges open in Sydney Airport and a $70 voucher to use but only two fast food places were open, the lounge in Doha full but a great shower available. Boarding had passengers herded into a small area with not sufficient seats and no boarding until the last passenger went through security.",5,unknown,0.8573,0.34506,0.8625,0.35442,0.8573,positive,vader_original_full,0.05,negative,positive,unknown,conflict
Ryanair,Economy Class,9.0,no,"Athens to Frankfurt. Great job by Ryanair. We chose FR because of departure time and price. The price doubled because of luggage and emergency exit seats, but was still low: 680 euros return voor 4, booked two months in advance and much better than competitors. It turned out to be a very relaxed journey: two very punctual flights, with a friendly crew and very comfortable seating at the emergency exit both ways. Good info from the cockpit and I like the efficient boarding.The down side is the risk of strike. A month before we went, there was a big strike across Europe and it won't be the last. This constant unrest makes you worrying about your flight and that's the only reason why I do not recommend Ryanair.",9,unknown,0.9465,0.1447111111111111,0.8448,0.1337444444444444,0.9465,positive,vader_original_full,0.05,negative,positive,unknown,conflict
Thai Smile Airways,Economy Class,7.0,no,"Cabin crews service mind is in a critical status. Fix it urgently! Compared to Thai Vietjet Air cabin crews service mind, Thai Smiles is much worse.",2,unknown,-0.3802,-0.1591,-0.3802,-0.1591,-0.3802,negative,vader_original_full,0.05,negative,positive,unknown,conflict
Icelandair,Economy Class,8.0,no,Flew Anchorage - Oslo via Reykjavik last August. Small plane but good price and direct flight from Anchorage made it well worth it. Hoped to repeat this trip this year but am surprised to find that the prices are higher but surprisingly - all return trips have 2 stops - have to go to Seattle to get back to Anchorage. That defeats the purpose of the direct flights. Would I recommend Icelandair - would have said yes but now with no direct return flights and higher prices would say no.,5,unknown,0.9481,0.1351,0.9481,0.1351,0.9481,positive,vader_original_full,0.05,negative,positive,unknown,conflict
Qatar Airways,Economy Class,7.0,no,A real mixed bag - some staff friendly and courteous with good English language skills and some staff having none of the three and being flat out rude. Most planes do not have enough toilets on board with long queues being common. Food standard quite decent for a plane but drinks service is not nearly frequent enough. I waited two hours during a flight for someone to come past with the little drinks tray that they usually provide and in the end had to push the call button to get a drink! It took them 10 minutes from the button being pushed to arrive. The amenities kit is excellent with the ear plugs being a rare and thoughtful addition. Not sure I would fly again not with so many other options available for similar money.,6,unknown,0.8885,0.20875,0.8806,0.1872166666666666,0.8885,positive,vader_original_full,0.05,negative,positive,unknown,conflict
Air Cairo,,7.0,no,Brussels to Luxor. Good charter airline. Modern A320 aircraft with friendly fa's. No entertainment onboard but hot meal served.,4,unknown,0.3365,0.1912,0.3147,0.182425,0.3365,positive,vader_original_full,0.05,negative,positive,unknown,conflict
SpiceJet,Economy Class,8.0,no,"Kanpur to Delhi. Worst flight experience ever. The ground staff was very non cooperative, the handbag was asked to be put in checkin to earn money. The low carrier airline tag is just a ruse to fetch money from people by charging them with things like your baggage is 57cm and not 55cm - airbag with wheels is not allowed. With 2 tickets our checkin baggage was within the limit but because they added our hand baggage to Our checkin we were asked to pay extra- and they charge a hefty amount of 400Rs per kg. The rest of the Journey was made worse by the under construction Kanpur airport, they have limited staff and faulty equipment which makes the passenger experience a terrible ordeal.",6,unknown,-0.9052,-0.1343,-0.8957,-0.1324166666666666,-0.9052,negative,vader_original_full,0.05,negative,positive,unknown,conflict
Qatar Airways,Economy Class,7.0,no,We traveled from Philadelphia to Singapore this summer. Flights were enjoyable both ways. Crew was excellent but at times they get too comfortable and not attend to basics - my little one did not get a toy or anything though the attendant paid much attention to one family with a baby on our flight back from Doha to Philadelphia). The first issue we had was with the transit first leg it was about 19 hours Qatar Airways did not provide transit accommodation. We paid USD 125 each to get the transit accommodation (beware of the limitation of the allowance for Meals even with this paid service ours covered only 2 meals which was not that great in Swiss-belhotel) on the return journey it was an hour and a half with long walk between terminals to security check and back to gate there was no consideration for short transit passengers. Second issue was with food preference we had 2 vegetarian meals ordered which were not offered on way to Singapore though I had talked to Attendants they confirmed our meal preference; but asked me to talk to a Supervisor in one of transit gates who promised it will be corrected in other legs which did not help much. I will consider flying with them again due to convenience flying out from Philadelphia.,7,unknown,0.2896,0.0948714285714285,-0.1601,0.0919571428571428,0.2896,positive,vader_original_full,0.05,negative,positive,unknown,conflict
AirAsia X,Economy Class,10.0,no,Gold Coast to Kuala Lumpur was an eight hour flight. Boarding was orderly. Announcements were few. It was a bit cramped in my row. I had a meal which was nice. I will fly them again as they do great job.,6,unknown,0.7845,0.1744,0.7096,0.1327333333333333,0.7845,positive,vader_original_full,0.05,negative,positive,unknown,conflict
Swiss Intl Air Lines,Economy Class,9.0,no,"LCY-BSL. Comment written bearing in mind that LX is selling themselves as a premium airline. Flight operated by Swiss European former Crossair aircraft. Instead of having a hand luggage baggage and a laptop bag decided to have everything in once piece of hand luggage. Resulted in a bit heavier rucksack but compared to other trolleys of other passengers still considerably lighter. (As I assisted fellow passengers placing their luggage). Maitre de Cabin decided that my rucksack had to go into the overhead bin which I agreed to and offered to assist. She declined assistance but when placing it in the bin she screamed down the whole aisle if I was carrying stones in it. Upon take off asked her very politely if that was professional and only got a sarcastic smile and a I dont care body movement. My fellow passengers around me where not amused as well. On top of that she talked about me and my rucksack with her colleague in Swiss German while serving food not considering that I might even speak Swiss German which I do. Snack was a weird cheese in ""curry"" sandwich that was left aside by many passengers. Usually they serve decent sandwiches though. Full bar service. In all slightly delayed but efficient flight. Let down by unprofessional FAs.",16,unknown,-0.8409,-0.0135875,-0.2304,0.036625,-0.8409,negative,vader_original_full,0.05,negative,positive,unknown,conflict
Swiss Intl Air Lines,Economy Class,7.0,no,"Zurich to Singapore. The lady at the bag drop off counter in Zurich was rude. I went over to drop off my bag and she just stares at me until I asked ""Do you need my boarding pass"" and she simply nodded and rolled her eyes. After she was done, she just handed over the boarding pass without saying a single word. So rude. I have never met airline or airport staff this rude before. So unexpected of Swiss.",7,unknown,-0.9269,-0.2785571428571428,-0.8429,-0.1962428571428571,-0.9269,negative,vader_original_full,0.05,negative,positive,unknown,conflict
China Southern Airlines,Economy Class,7.0,no,New York to Manila via Guangzhou with out any problem. The flight attendant are all nice. But when I landed at Manila airport I found out that our baggage was not with our flight. It was left behind at JFK airport. The ground staff handling our concerned do apologize and promised that our baggage will arrive on Sunday morning at 10:30 am and they will deliver our baggage to our home address (we depart JFK last Friday at 1:00AM). But until now Monday at 3:13 PM our baggage has not been delivered. My friend bought this ticket for me and it is cheap but?,7,unknown,0.8481,0.1047428571428571,0.7717,0.0741571428571428,0.8481,positive,vader_original_full,0.05,negative,positive,unknown,conflict
GoAir,Economy Class,7.0,no,BOM to Goa. Check in was quick and easy although the queues were long. Old busses at Bombay airport are not very comfortable. Nice flight but one of the AC's was not working and that delayed us a bit. Cabin crew tend not to smile a lot. Flight was okay but aircraft seemed old. Not very nice sandwiches on board. Did not know about their business class facility.,8,unknown,-0.7761,-0.0812875,-0.7646,-0.0751375,-0.7761,negative,vader_original_full,0.05,negative,positive,unknown,conflict
American Airlines,Economy Class,10.0,no,"Baltimore to Phoenix via Fresno with American Airlines. Started off poorly. Upon arrival at BWI, received text that flight had been canceled but rescheduled at Reagan Airport, in another state. No comp offered even though the wait was 5+ hours. In Phoenix, boarding agent gave us a red tag. Discovered we had to attach to bag and give to crew at airplane door so they could handle due to lack of space. When we took off, we counted no less than 4 completely empty bins overhead. Upon arrival, bags arrived on ramp and just passed around among the waiting passengers. Coming back from Fresno, through Phoenix, the flight was delayed while they tried to find their pilots, per flight attendant's announcement! Top prices for tickets no longer mean good service with American. Very uncaring, unprofessional airline. Their rep as an airline always on time, and the top of the heap airline is gone, gone, gone. Would recommend choosing another airline unless you have no choice.",12,unknown,-0.9153,-0.0978333333333333,-0.9224,-0.1206083333333333,-0.9153,negative,vader_original_full,0.05,negative,positive,unknown,conflict
Oman Air,Business Class,10.0,no,"Boeing 787 aircraft was immaculate. Cabin interior was clean, well maintained and serviced. Cabin crew were polite, professional and friendly. In-flight dining was delicious and well presented. My family and I had a wonderful flight. Oman Air is truly a pleasure to fly. Highly recommend this business class product.",7,unknown,0.9774,0.5053,0.9798,0.5217714285714286,0.9774,positive,vader_original_full,0.05,negative,positive,unknown,conflict
Ethiopian Airlines,Economy Class,9.0,no,Vienna to Windhoek via Addis Ababa. Was pleasantly surprised. Aircraft was very clean and new. The food (booked vegetarian) was delicious. Service was very friendly and accommodating! Was a perfect flight for our trip to Namibia.,5,unknown,0.9594,0.49176,0.9402,0.4304,0.9594,positive,vader_original_full,0.05,negative,positive,unknown,conflict
Virgin Atlantic,Business Class,7.0,no,Virgin Upper Class LHR-HK return. A340-600 in each direction. Only 9 people in Upper Class on the way out busier on the return. Crew good - the problems come from the seat and the Vera entertainment. The latter has a very small screen for this class (compared to say Austrian or Swiss) awful music selection (surprising) and generally feels old. The seating is awkward - shoulder light cannot illuminate the dinner table due to angle seat upright is narrow for anyone with broad shoulders and horizontal sleep impossible for the same reason. Gangways are small. The bar area is not workable with one more person in it. Overall disappointing whilst other airlines have progressed this has not in some time.,9,unknown,-0.4019,-0.0460555555555555,-0.128,-0.0189555555555555,-0.4019,negative,vader_original_full,0.05,negative,positive,unknown,conflict
South African Airways,Business Class,8.0,no,São Paulo to Perth via Johannesburg. The flight from São Paulo to Johannesburg was okay with good service. Entertainment is poor due to the size of the TV monitor. The second flight from Johannesburg to Perth could have been better. The flight attendants served dinner quickly and soon all the lights were off although there was a lot of turbulence. The entertainment is really poor and the cabin layout is not very modern.,6,unknown,0.701,0.1329666666666666,0.5927,0.0962666666666666,0.701,positive,vader_original_full,0.05,negative,positive,unknown,conflict
Southwest Airlines,Economy Class,9.0,no,"Chicago to Las Vegas. Our row was completely missed to get drink order. When the flight attendant came around to drop drinks/snacks off to other rows we asked for a drink. We got an eye roll from the flight attendant after our entire row was completely awake yet again missed in the drink order. The gentleman aside from myself and my boy friend as rudely spoken to accusing him of being asleep which he was not. My boy friend also got a drink and while the attendant did seem preoccupied with attending to other guests on the flight my boy friend gently reminded him we ordered drinks, which was followed by a rude comment and loud embarrassing response from the attendant on just how may people were on the flight and we had to wait. We would have not had said anything if he didn't seem completely dismissive with our request. I understand they are busy but the attendant's responsive was just rude. This was my first trip with southwestern and the flight started off fantastic with the attendant making jokes and my previous flight before the lay over was seamless and fantastic. This absolutely ruined my experience with Southwestern on how rude the attendant was.",10,unknown,-0.4215,-0.0613,0.6031,0.0055,-0.4215,negative,vader_original_full,0.05,negative,positive,unknown,conflict
Cathay Pacific Airways,Economy Class,7.0,no,"London to Sydney via Hong Kong on Boeing 777 and A330 aircraft. Both aircraft acceptable but only had small screens, film selection not good, no hot towels and only allowed one alcoholic pre dinner drink. Asked for a gin and tonic and a beer 330ml and was told I could only have one or the other. Food was okay but not up to Emirates of SIA. Cabin staff were courteous and responsive. Both flights were on time. Had to walk what seemed like miles in Hong Kong terminal to get from one flight to another, up and down about 5 or 6 escalators. Could some thought be given to having connecting flights which are being used by many passengers eg. London to Sydney leaving from gates which are not about 25 minutes walk away from each other?",9,unknown,0.9213,0.1271222222222222,0.8581,0.1002888888888889,0.9213,positive,vader_original_full,0.05,negative,positive,unknown,conflict
Royal Air Maroc,Economy Class,7.0,no,Montreal - Casablanca return on 767-300ER. Seat pitch was okay. Outbound the food and washroom cleanliness were okay. On the return however food and washroom cleanliness were far from good - and water wasn't offered during the flight (had to go to the galley when required). Ceiling-mounted TVs were not visible from our seating positions. Flights pretty much on time and no baggage issues.,6,unknown,0.7717,0.1905,0.7717,0.1905,0.7717,positive,vader_original_full,0.05,negative,positive,unknown,conflict
China Eastern Airlines,Business Class,7.0,no,"✅ , |  The cabin offers nice full flat seats. Cabin staff were correct. The amenity kit does not offer much. Pyjamas are offered which I appreciated. The seat is good to sleep in, with a thick duvet, that can double as mattress, as the cabin was very hot. The food was acceptable, but not on par with that offered on airlines like KLM, Air France or Korean. No choice of wines, the menu is just opened and you have to make a choice on the spot. The portions are small. The Chinese dish was nice however. No choice of wines, just a glass is given (wine was good though). Not asking if any more was desired etc. Dining is more a necessity than something to look forward to. The selection of movies was quite good. The maintenance of the cabin was poor, with loose seats or cover elements. A bit cheap. The business lounge in Shanghai is the worst I have ever seen in a large airport. In fact, there are many lounges with every couple of gates. Seats very uncomfortable, rather poor food, lots of noise, not nice to spend a long layover. China Eastern has lots to learn from its Skyteam peers, even simple things that do not cost money. For a good sleep on a long flight without long connection it is good value for money.",20,unknown,0.5959,0.08994,0.2867,0.083255,0.5959,positive,vader_original_full,0.05,negative,positive,unknown,conflict
Gol Transportes Aéreos,Economy Class,9.0,no,BeloHorizonte to Florianopolis via Sao Paulo. not charged for our excess baggage flights arrived on time. Juice and chips served for free. Very polite staff. A good no frills product. Only problem for foreigners is actually buying the flight over the net. We had to get our Brasilian friends to buy as we don't have a CPF number.,7,unknown,0.7424,0.1377714285714286,0.8217,0.1830142857142857,0.7424,positive,vader_original_full,0.05,negative,positive,unknown,conflict
Ukraine International,Economy Class,8.0,no,"Kiev to Vienna. Boarding in Kiev was via airbridge this time, not the usual 30-45 mins in bus. An old Boeing 737-500, however it was clean and compared to their Boeing 737NGs with generous legspace. Departure like schedule, arrival ahead. Onboard service is low-cost airline standard and pay for everything (eg: coffee approx 2 EUR). If every flight with UIA was like this I would recommend them.",6,unknown,0.9022,0.2648833333333333,0.872,0.2415666666666666,0.9022,positive,vader_original_full,0.05,negative,positive,unknown,conflict
Malaysia Airlines,Business Class,7.0,no,Flew KL-CDG with their A-380. On the flight to Paris the trip was mostly good. Staff were good with their service. Seat lie flat but a bit hard on the back. Lower feet portion has no problem. Food was ok Inflight entertainment was good. However on our return flight the toiletries is missing. Slippers were not given. Staff were attentive to our needs but you can see that quality of service is not there. Toilets are not being cleaned so you go in with wet floors. Some of the toilets are closed because the flush is not working. Not your typical business class service and comfort. So much lacking on this Airline.,13,unknown,0.9215,0.1224923076923076,0.9402,0.1323384615384615,0.9215,positive,vader_original_full,0.05,negative,positive,unknown,conflict
Air France,Economy Class,9.0,no,"Paris CDG to Dusseldorf. The plane was leased from WDL Aviation. Biggest plus was the leg room. The plane not being full added to the comfort, because the middle seat was free. Attentive crew pointed passengers to empty rows for more comfort. Apart from that we got a drink and a tasty snack. On time boarding but despite that we landed 10 mins late in DUS. Paid 58 euros. All in all a very good choice.",9,unknown,0.8265,0.1601555555555555,0.8476,0.1834,0.8265,positive,vader_original_full,0.05,negative,positive,unknown,conflict
Singapore Airlines,Economy Class,7.0,no,SQ285 from SIN to AKL. Despite a full flight service was good. Flight steward were attended to fulfil my request very soon after the bell was pressed. But disappointed over the ageing aircraft. SQ ticket price definitely not in the lower bracket but the 777-300 cabinet condition and facilities were just too old when comparing to other carriers.,5,unknown,0.004,-0.1052,0.0982,-0.0862199999999999,0.004,neutral,vader_original_full,0.05,negative,positive,unknown,conflict
British Airways,Premium Economy,7.0,no,"This was my first flight from Toronto to London crewed by ""Mixed Fleet"". Easy check-in at Toronto Pearson (The BA ground staff are always great in Toronto) with fast track meant I was in the lounge 20 mins after arriving at the airport. The lounge remains well run with ok food and a limited (average) wine list. Still too few bathrooms, the seats are tatty, and when busy is not a relaxing place to be. Easy boarding and the first of a few improvements - prosecco now served to London. (used to be only ex London). Fast drinks service after take off with pretzels now back on offer. An OK Chicken curry was served but I still don't see it as Biz class food. A choice of whites and reds wine was offered which reinstates the previous one of each. That is where the improvements ended. The morning offering of a cereal bar and T&Cs / juice remains an insult and just shows how little BA care about the entire journey customer experience. The crew on this flight were great. Young, junior and inexperienced for sure but the two women working my side were friendly and professional. A request for a top up of prosecco was missed due to a short taxi, but appeared (in glass) without asking as soon as the crew were released - classy and well remembered! The return flight was less good. Drinks served promptly after take off and my pre-booked meal arrived first but on the wrong tray. (Crew member's first flight since qualifying) It took some convincing that the plastic cutlery etc was not a WTP tray. The underwhelming snack replacing the second meal was one fun size piece of chocolate and T&C. Customers taking a second chocolate were made to put it back (really) as apparently they are counted out to the exact number of passengers. This cut to service on both legs continues to leave me troubled as after 5 hours I need something more substantial than chocolate. Service reduced - yes, price reduced - no! The 777's in both directions were clean though unless you sit in the first row of WTP, the IFE screens are tiny. Mixed fleet were generally more friendly and interested in making an effort. However, the male crew were more aloof, lacked attention to detail and officious. What these (newer) crews miss, was the more informal / laid back service of Long Haul crew - I hope they relax into the role soon! At least the cuts have stopped (not much left to cut I admit) and small things like choice of wine and pretzels show BA have listened. However, the second meal in both directions being cut on east coast US / Canada routes remains a sore on what was otherwise an ok journey. The jury remains out on whether I continue my loyalty to BA and One World - it really depends on what BA do next - to either value me as a customer (and offer a quality service) or sink even lower in standards from what was once a great airline (at which point - I'm off).",25,unknown,0.9963,0.256532,0.9956,0.2529999999999999,0.9963,positive,vader_original_full,0.05,negative,positive,unknown,conflict
Orient Thai Airlines,Economy Class,7.0,no,Charter flight from Bangkok to Wuhan. Flight delayed 1 hour from Bangkok to Wuhan 2 hours delay from Wuhan back to Bangkok. The plane is old however the seats ok and the meal decent.,3,unknown,-0.25,-0.0659666666666666,-0.2732,-0.0715333333333333,-0.25,negative,vader_original_full,0.05,negative,positive,unknown,conflict
Middle East Airlines,Economy Class,7.0,no,A repetitive delay in flights from Larnaca to Beirut is occuring. Waiting for at least an hour without prior notification of period of delay. It is pity to see such an airline losing professionalism!,3,unknown,-0.8655,-0.4842333333333333,-0.8655,-0.4842333333333333,-0.8655,negative,vader_original_full,0.05,negative,positive,unknown,conflict
Garuda Indonesia,Economy Class,7.0,no,"Singapore to Jakarta. Garuda Indonesia is an airline that since couple years has been trying their best to become better, or so I heard. After many years I chose this airline again even though compared to cheap airlines this one costs more than double. And my experience is only delays and average service. The entertainment is quite good with some great movies. Food is average.",6,unknown,0.9531,0.2790166666666667,0.9531,0.2790166666666667,0.9531,positive,vader_original_full,0.05,negative,positive,unknown,conflict
Shandong Airlines,Economy Class,7.0,no,"Shenzhen to Yantai on a 737 which takes approx 3 hours. Shenzhen airport is not too bad but not great. Shandong Airlines is the only direct flight from SZX to YNT however with one flight per day at inconvenient times for business travellers like myself. Flight delayed 3 hours due to ""bad weather"" and the return journey 2 days later was delayed by 2 hours however with no reason provided although a meal voucher was offered at Yantai airport but food was inedible. Flight attendants are very well dressed well trained professional efficient and friendly. Seat space is typical economy however no PTV's in seats and no overhead entertainment shown either. Hopefully more competition will arise on this route in the future and newer planes perhaps would be good.",7,unknown,-0.1727,-0.0347714285714285,0.1333,-0.0328714285714285,-0.1727,negative,vader_original_full,0.05,negative,positive,unknown,conflict
Alitalia,Economy Class,9.0,no,Rome to Catania. First time on Alitalia as part of a trip from Düsseldorf to Catania via Rome. I only learned of the insolvency of the airline after booking so was a bit apprehensive. But everything turned out fine. We were assigned an emergency exit seat without any cost and were served a drink for free. Took off too late because of typical Italian discussions about hand luggage. I don't understand why they allow hand luggage bigger than my luggage on hold on board. Took ages before it was settled because the plane was full. Arrived only five minutes too late in Catania though. All in all it was a good flight. The only reason why I don't recommend is the insolvency.,11,unknown,0.9467,0.1597818181818182,0.9467,0.1597818181818182,0.9467,positive,vader_original_full,0.05,negative,positive,unknown,conflict
Air Canada,Business Class,8.0,no,HKG-YVR Boeing 777-300 New configuration. A nightmare that even embarrasses the flight crew to apologise for it. I am a 100K Aeroplan member and this dreadful experience led me to avoid Air Canada since. With other airlines upgrading their already superior products one is left to wonder why Air Canada has chosen to downgrade theirs. I can only imagine the plight in economy where an extra seat has been jammed into each row. On a positive note I have discovered the advantages offered by the competition - of which there is plenty. There may be a short term increase in yields as passengers are crammed into airplanes but the damage to long standing customer loyalty will sadly endure.,7,unknown,-0.0355,0.0261857142857142,-0.0355,0.0261857142857142,-0.0355,neutral,vader_original_full,0.05,negative,positive,unknown,conflict
Delta Air Lines,Economy Class,10.0,no,Flew Delta Air Lines from Kansas City to Atlanta. On Monday while flying I abruptly got sick and I just wanted to thank the flight attendants on board for taking such good care of me. They were doing everything they could to try to help me not feel as miserable and I want to say kudos for having such caring team members.,3,unknown,0.9471,0.5171333333333333,0.9352,0.5071666666666667,0.9471,positive,vader_original_full,0.05,negative,positive,unknown,conflict
Darwin Airline,,8.0,no,ZRH-LUG in economy. The flight is very short so there is only a beverage service which consists in bottled water and as a nice touch a little swiss chocolate. Lugano airport is very little so baggage arrived very soon.,3,unknown,0.4215,0.1404999999999999,0.4215,0.1404999999999999,0.4215,positive,vader_original_full,0.05,negative,positive,unknown,conflict
Air Canada rouge,Economy Class,7.0,no,"Flew on an early morning flight from YVR to LAX. As soon as I boarded the plane I was a little taken aback at how many seats there were (and I travel a lot and have seen a lot of aircraft). I sat in 51F which is right at the back of the plane (as in last row). It's a 3 seater row (with adjustable arm rests) so I had plenty of space to move around freely. However any other of the seating and it would be a very tight fit. I'm a larger guy so I tend to get the aisle seat but I found that the rest of the craft would've been very cramped for my size. Just enough leg room I'm 5""9 and I was barely touching the seat in front of me. Any taller and it would be painful.",8,unknown,-0.2525,0.0521625,-0.544,0.0070124999999999,-0.2525,negative,vader_original_full,0.05,negative,positive,unknown,conflict
Philippine Airlines,Economy Class,8.0,no,MNL-CEB-MNL. From MNL check-in was quick and easy until we get to the waiting area of Terminal 2 which was packed with people early in the morning which was understandable considering it was peak season. We were delayed about 20-30 mins. On boarding the A330-300 the seat was fairly comfortable although I think the legroom was a little small. The cabin crew were alright the cabin temperature good enough. On the return check- in was quick and easy delayed again for 30 mins. Before boarding one of PAL's newest B777-300ER the cabin ambience was good and everything felt good the seats were new and comfortable legroom roomy good IFE system this plane is more comfortable than the older A330. Cabin crew were nice and accommodating the second flight was the real value for our money.,8,unknown,0.9834,0.393775,0.9832,0.381875,0.9834,positive,vader_original_full,0.05,negative,positive,unknown,conflict
Thomas Cook Airlines,Premium Economy,7.0,no,"We recently holidayed in Cuba with Thomas Cook (3rd to 17th April) and apart from being forgotten and left behind at the hotel in Havana (were told we could use the toilet then the bus immediately left without us - they did return) the holiday itself was excellent. Both hotels were wonderful but having paid a total of £200 each to upgrade to premium economy we were really disappointed with the flights. Leaving Manchester was brilliant as we were duly given 'priority boarding' ushered through quickly smiling attendants assuring us we'd 'paid for it' and at Varadero airport our luggage arrived first having also received priority treatment. However that seemed the full extent of the perks. Despite the promised of being ""able to watch a selection of the latest blockbuster movies and our favourite classic movies hit TV shows and radio channels"" we found it was impossible to listen without purchasing headsets - clever wording indeed! Further although the website shows a number of goodies available in premium economy (drinks newspapers etc) none of these are available until May (not made clear.) Worst of all however was the lack of priority treatment on the way home. While there was one queue for 'priority' there were two lanes for 'VIP' so that a couple that paid £20 each to enjoy air-con and freebie drinks and eats at the airport were prioritised and ushered through a good twenty minutes before us. Our luggage was treated with similar disregard and given no priority at all trundling out long after many others had left causing us to miss our booked train home! While on the flight back we begged the staff to warm up the cabin. In row 7 the fans were blowing icy air right around our heads/necks and the crew seemed completely unable to rectify it so we got very little sleep at all (the sleep situation being worsened by people stomping through from the cabin behind to use the front loos - with there only being 1 toilet between 49 of us this resulted in frequent and frankly unnecessary queuing. So my advice to you is think long and hard before paying out to turn left with Thomas Cook - I'm really not sure it was worth stacking another £400 on our holiday!",10,unknown,0.988,0.1186799999999999,0.9871,0.12033,0.988,positive,vader_original_full,0.05,negative,positive,unknown,conflict
Thomson Airways,Premium Economy,7.0,no,TOM144 Manchester to Cancun. 787 Dreamliner Premium Club Cabin. An impressive modern new aircraft with great mood lighting which created a more relaxed atmosphere. The crew were friendly overall and the food was pretty good. The one thing that let Thomson down was the seat. For an aircraft that was 10 years in the planning it I think someone has messed up at Thomson with a basic design consideration. The seat itself is relatively comfortable and once sat down the leg room is adequate. This issue is that seat in the Premium cabin is clearly not designed to be so close to the seat in front. The TV screens are stowed in the central arm of the seat meaning that the arm rests between the seats protrudes out a significant distance to the seat in front. Even with the seats in the upright position the average sized person struggles to get out of the window seat without climbing over the aisle seat. During the flight you are regularly disturbed by the person behind grabbing your seat back in order for them to try and manoeuvre out of their window seat. You can already see signs of damage on the aisle seat armrest where the person in the window seat has put their weight on the armrest in order to get them self out. The seats recline no more than an inch or so and I assume they have been restricted as an afterthought in order to try and minimise the issue. This is annoying as it would be nice to recline your seat a little to get some rest (there will not be much dreaming going on in the Thomson Dreamliner). Once the seat in front reclines even this short distance you effectively become trapped in the window seat. The seats power sockets and headphone sockets are also located in the front of the central armrest holding the tv screens. It is almost impossible to access the sockets because you can't see the sockets or move your head into a position where you can. This is because your head hits the seat in front before you can get a viewing angle to see the sockets. Not looking forward to my long night flight home as I had hoped I would sleep. We paid £1300 each for return flights to Cancun and so I consider the value for money to be poor.,20,unknown,0.9509,0.0474349999999999,0.9392,0.0511699999999999,0.9509,positive,vader_original_full,0.05,negative,positive,unknown,conflict
American Airlines,Business Class,7.0,no,"✅ , |  New York JFK to Buenos Aires with American Airlines. New business class layout, significantly improved from the old angle flat seats. Rather unusual arrangement, with every other row facing backward, similar to BA except that the seats are at an angle, with full separation between middle row seats. Not much storage space, though. The crew however were unengaged bordering on rude, no interest shown to the passengers, mechanical, no smiles, one felt that they'd rather be anywhere else but on the plane. Food was quite a disappointment, as well, edible, but resembling canteen fare. IEE were a bright spot, screens large, sharp, HD, with tons of movies and variety of shows. Overall, a vast improvement from the old business class, but what makes a journey pleasant and enjoyable is the cabin crew, and once again America Airlines disappoints. Not sure if I'd choose AA if this weren't an award fare, paid with miles.",9,unknown,0.4305,0.042411111111111,0.5183,0.0516333333333333,0.4305,positive,vader_original_full,0.05,negative,positive,unknown,conflict
Finnair,Economy Class,9.0,no,HKG-HEL Economy class with comfortable seat and good leg space friendly FA's. With an hour delayed but still arrived in HEL on time for transfer. A bottle of water was provided when boarding. A very good inflight entertainment system with lots movies and music. Return flight from HEL only provided cold breakfast with no choice was a disappointment. Overall it was a good fly experience and would like to fly Finnair again.,6,unknown,0.9183,0.2448333333333333,0.9039,0.2308999999999999,0.9183,positive,vader_original_full,0.05,negative,positive,unknown,conflict
Ukraine International,Economy Class,8.0,no,"Vienna to Vilnius via Kiev with Ukraine International. The check-in to Kiev was easy and the staff were very polite and nice. I was upset that I could drink only water for free. The Embraer plane was OK. There was not enough information from the cockpit about the flying situation and where we are at, the time or how high we are. A flight to Vilnius from Kiev was a nightmare, because the Boeing aircraft was very old. I am 187cm high and my legs didn't fit where I was sitting. Close to me and around were 5 little children screaming and shouting all the time. The staff were polite and nice to all of the guests. I flew back to Vienna through Kiev. Both flights with Embraer aircraft. The flight was quite good and staff nice. The only problem were the other passengers. They were very unpleasant and loud. They weren't listening to what the staff said. For 200 Euro it was too expensive for a economy class without a luggage but staff were quite good.",16,unknown,0.805,0.100025,0.8556,0.10650625,0.805,positive,vader_original_full,0.05,negative,positive,unknown,conflict
Air Berlin,Economy Class,8.0,no,"Düsseldorf to Catania via Rome. Booked Alitalia, got Air Berlin. I was prepared for delays and even cancellations, because of the insolvency of Air Berlin. And indeed: our original inbound flight from Catania tot Düsseldorf with a change in Milan was cancelled, but within 10 minutes we were moved to the direct AB-flight CTA-DUS. Even better. So we had two punctual flights, with a friendly crew and reasonably priced drinks. Leg room was awful however. I like the small route screens on Air Berlin aircraft. But it's all over since Air Berlin stops flying in a few days, so no recommendation. Pity, because Air Berlin was one of my favourite airlines. Never had any problems.",11,unknown,0.8366,0.0385363636363636,0.8783,0.0493090909090909,0.8366,positive,vader_original_full,0.05,negative,positive,unknown,conflict
Kenya Airways,Economy Class,7.0,no,Frequent traveller between NBO-EBB. Good mannered and helpful staff. Left 10 mins ahead of schedule and arrived on time. This is unique given frequent delays on this route. Will the improvement hold?,5,unknown,0.8271,0.2299199999999999,0.836,0.26164,0.8271,positive,vader_original_full,0.05,negative,positive,unknown,conflict
Virgin Atlantic,Premium Economy,7.0,no,SYD-HKG-LHR on A340-600. Had a champagne prior to take off which was average to say the least. The cabin service was friendly and attentive and food was a step up from Economy. It was a nice touch having real cutlery china and your meal tray served on a tablecloth. The seats were wide but not as much space as I would have expected to the next seat in front. The old bugbear when the seat in front reclines fully is still a problem in Premium Economy it is very intrusive and you need the passenger next to you to climb out if you want to get past them. We got more sleep than previous flights in Economy but it is still a fairly uncomfortable experience. Virgin Atlantic needs to introduce noise-cancelling headphones as the sound quality is poor with the existing headphones but the entertainment selection was excellent. The cabin noise was quiet having only 38 passengers and a dedicated toilet was a good feature. This was our first experience in Premium Economy and while it was a step up from Economy I do not think it is worth the extra money. We would have stopovers next time and avoid flying a 14 hour leg if we could as you do not arrive at your destination feeling particularly refreshed.,11,unknown,0.8735,0.1754363636363636,0.9217,0.1958363636363636,0.8735,positive,vader_original_full,0.05,negative,positive,unknown,conflict
Malaysia Airlines,Economy Class,7.0,no,Flew Malaysia Airlines 4 times in the last month. The flight departing Kuala Lumpur to Sydney at 22.50 provided no evening meal but a snack only. This turned out to be an inedible mushroom sausage roll. The alternative (non vegetarian) was not available. This is clearly inadequate for a 5 star airline particularly as we had been on a connecting flight with a 3 hour transit at KL and the breakfast serving would not be for 5 hours. Malaysia certainly need to lift their catering for long haul flights.,7,unknown,0.3612,0.0267,0.3612,0.0267,0.3612,positive,vader_original_full,0.05,negative,positive,unknown,conflict
Emirates,Business Class,7.0,no,"Dubai to Manchester. Boarded the plane at the last minute owing to delayed previous flight. The cabin crew walked past me three times without offering a drink although on each occasion she had a tray full of drinks. I did eventually get a drink but only after I specifically asked for one. A380 seats for me are uncomfortable and claustrophobic. Cabin crew service was poor and disjointed with the majority of business class crew spending more time in the bar area chatting, at times outnumbering the passengers there. The main meal was very good although the wine service was poor. Again, the chocolates mentioned in the menu were absent as was ant offer of coffee after the meal. In flight entertainment was good. This was the sixth flight on business class with Emirates within four months and each time I have been very disappointed with the product. Service on the A380 seems to be very poor.",11,unknown,-0.9252,-0.1458363636363636,-0.9116,-0.1360090909090908,-0.9252,negative,vader_original_full,0.05,negative,positive,unknown,conflict
Allegiant Air,Economy Class,8.0,no,Flew from Niagara Falls to Sanford. Flights were on-time. No frills airlines but additional charges were excessive. Normal checked baggage with other airlines is 50lbs. With these guys its 40lbs. Had to pay additional $150 for overages. Convenience has a price tag other than that I would fly with someone else.,7,unknown,-0.5927,-0.0864285714285714,-0.5187,-0.0507142857142857,-0.5927,negative,vader_original_full,0.05,negative,positive,unknown,conflict
AirAsia,Economy Class,8.0,no,Flew Air Asia in June 2014 from Surat Thani to Kuala Lumpur. The Surat Thani airport is very small you go down an escalator and walk onto the tarmac to board the plane. The plane boarded on-time and very quickly. The flight staff were still vacuuming when I boarded! They boarded the plane quickly and had an easy departure and easy landing. The distance between seats is really small. I am not a big person but these seats are very close! They do recline but not much. Not very comfortable for a long flight but for a short flight you can put up with it. The price was pretty reasonable. They do charge for everything though. I paid extra for a seat assignment one piece of luggage and a chicken dinner. Total came to around $2600 Bhat which is about $80 USD. For a short flight it was fine although the seats are not very comfortable.,12,unknown,0.3021,0.0585166666666666,0.8722,0.0924666666666666,0.3021,positive,vader_original_full,0.05,negative,positive,unknown,conflict
Korean Air,Economy Class,3.0,yes,My wife and I flew from Las Vegas to Incheon (KE005) and Incheon to Bangkok (KE657) on December 17 2014. Check-in at Las Vegas was quick and easy. Staff were very professional and polite. Our aircraft was a Boeing 777 from Las Vegas and the flight was completely full. I was very disappointed in Korean's B777 33 in. pitch in economy seating. My knees were jammed into the seat in front of me the whole 12.5 hour flight making for a very uncomfortable trip. I am 6 ft. tall and 33 inch seat pitch is just not enough space for the 12 plus hour flight. It was also very difficult to eat from the tray table when it is jammed into your lap contributing to a very bad flight experience. Korean Air seems to be missing the point when they skimp on customer seat space to enhance their bottom line in profits. Seat space is my only main complaint about Korean Air's commitment to quality of service. I might add that KE657 was an older B747 and to my surprise offered more seat pitch in their economy seating in the 6 hour trip than on their B777's 12 hour trip. From now on my airline loyalty will not be based on price but on seating comfort. Maybe flying an airline with premium economy class may be my next choice.,16,unknown,0.2764,-0.004,0.6529,0.05009375,0.2764,positive,vader_original_full,0.05,positive,negative,unknown,conflict
American Airlines,Economy Class,4.0,yes,"My wife and I, are American Airlines credit card holders so we are very disappointed. We were flying from California to Texas and has the option give up our seats for a flight voucher. which we did. But, due to Covid mandates we were unable to fly prior to the vouchers expiring. When I called and spoke with customer service they replied to me in an email, but they never followed up with us and I was never able to redeem my voucher. This is not the first time that this has happened but I swear it will be the last. If a company is not able to hold up their part of an agreement it makes me weary of trusting them in the future!! I will never give up my seat again for a travel voucher or an upgrade with American Airlines ever again.",7,unknown,0.7259,0.0543142857142857,0.7259,0.0543142857142857,0.7259,positive,vader_original_full,0.05,positive,negative,unknown,conflict
Thomson Airways,Economy Class,4.0,yes,Manchester to Mahon and return for a week's holiday. Outbound flight was on time and with no hitches to speak of. Return flight was a totally different experience. Arrived at the airport in good time and was expecting a 20.30 departure back to Manchester. Boarding time came and went departure time also and we could see the aircraft waiting for us in front of the boarding gate. We waited and waited until the aircraft Captain came into the lounge informing us of a technical problem which was not going to allow him to fly the plane home. They were hoping to get an engineer over from Palma but this did not happen. No flight home that night and after a 3 hour wait were out of the airport and to a hotel at nearly 02.00. Finally got off the ground at 12.30 the following day and eventually was nearly 16 hours late arriving in Manchester. The entire experience soured what had been an enjoyable holiday.,13,unknown,0.8922,0.0489307692307692,0.8922,0.0489307692307692,0.8922,positive,vader_original_full,0.05,positive,negative,unknown,conflict
Virgin America,Economy Class,2.0,yes,"I am sitting on the aircraft right now about to take off from Los Angeles to Newark. It's a real shame because I had such a good experience flying from JFK to LAX, but I have to write a bad review because I was met with such incredible rudeness by one of he stewardesses. I politely asked if I might be able to switch seats to a window seat (the entire row was empty). Instead of politely telling me she had to wait till we took off she aggressively, and extremely rudely commanded two times in a row that I sat down at my assigned seat. I really think it's a shame because Virgin America is generally great, but this specific stewardess should not work in the service industry.",5,unknown,-0.9511,-0.3268799999999999,-0.9511,-0.3268799999999999,-0.9511,negative,vader_original_full,0.05,positive,negative,unknown,conflict
KLM Royal Dutch Airlines,Economy Class,4.0,yes,Stockholm - Amsterdam - Nairobi return. The outbound journey was very pleasant with everything going very smoothly and the comfort in terms of seating food and entertainment was just fine. However when going back home we were notified that our flight was cancelled for unclear reasons that KLM did not want to tell us (we still haven't gott any explanation more than two months later). We got a less comfortable alternative journey home which worked out alright. I guess cancellations can happen but the way KLM handled this one makes me a bit hesitant to choose them again.,5,unknown,0.5005,0.124,0.4747,0.11592,0.5005,positive,vader_original_full,0.05,positive,negative,unknown,conflict
GoAir,Economy Class,1.0,yes,"I called the airport authority as well as the customer support service, it gets connected but no one received the call. I'm trying to contact for the last 4 days and same thing is repeated. This is how the customers of GOAIR is treated. I give a full ring and no one pickup the call and suddenly they get busy. Then why ain't they receiving my call for the last 4 days. Ridiculous service.",6,unknown,-0.743,-0.1202666666666666,-0.743,-0.1202666666666666,-0.743,negative,vader_original_full,0.05,positive,negative,unknown,conflict
Royal Jordanian Airlines,Economy Class,1.0,yes,This review is for the 11:20 flight RJ111 from Amman to London Heathrow on 10 Feb 2022. The lady at the boarding gate for the economy line was very rude towards guests. She needs retraining on her on how to interact with customers politely.,3,unknown,-0.5095,-0.1698333333333333,-0.3167,-0.1055666666666666,-0.5095,negative,vader_original_full,0.05,positive,negative,unknown,conflict
Aer Lingus,Economy Class,3.0,yes,"We flew with Aer Lingus from Dublin to Orlando on 22nd October. We requested a seat near the toilets for our daughter who is wheelchair bound and cannot stand, and we ended up 4 rows away which is a big distance to carry her along the isle. This happened because the plane was changed at the last minute. I would hope we are near the toilets on the way home. I would like to commend a flight attendant who took over the situation and tried to get us moved closer but to no avail. She assured us there was a wheelchair onboard to take our daughter to the toilet and that she would gladly assist us. This set our minds at ease and I would like to thank her very much for her help in the situation. My overall rating is because we did not get the proper seats on check in.",8,unknown,0.9661,0.2327624999999999,0.9661,0.2327624999999999,0.9661,positive,vader_original_full,0.05,positive,negative,unknown,conflict
Thai Airways,Business Class,4.0,yes,Flew LHR-BKK-RGN return and chose Thai on grounds of price and timetable convenience. Some years since I last used Thai and whilst the service was charming and friendly other aspects left much to be desired. In particular the seats although almost lie flat (would it cost much more for 100% flat?) were difficult to adjust for a comfortable sleep. The food was almost inedible even the pre-ordered meals.,4,unknown,0.872,0.261625,0.8126,0.228125,0.872,positive,vader_original_full,0.05,positive,negative,unknown,conflict
Asiana Airlines,Economy Class,4.0,yes,"During the flight, a huge majority of the passengers as well as most, if all not, of the cabin crew were Koreans. Except from the announcements (turbulence, arriving message, etc) played over the PA system, all other announcements (asking if anyone wanted extra servings of beverages or had rubbish for throwing, etc) relayed by the flight attendants face-to-face were done in the Korean language only. No efforts were made by the cabin crew to engage non-Korean speaking passengers, as they seemed to have forgotten that there were passengers of other nationalities on board. In this aspect, Korean Air fared far better.",4,unknown,0.7906,0.2823,0.7906,0.2823,0.7906,positive,vader_original_full,0.05,positive,negative,unknown,conflict
Jetstar Pacific,Economy Class,4.0,yes,"Ho Chi Minh City to Da Lat. Based on previous flights on this route, I had already expected a delay between 1 and 4 hours, and I was right: 2 hours delay. So I tried not to stress myself. Not much announcement from the company (like email, SMS). Even the captain did not bother to say something. The check-in staff was friendly but they weight anything that moves. Be prepared! They also retain your ticket and passport until your checked-in luggage is scanned. You can check-in online and it is nice that they assign the seats together even if you did not book seats. The plane was relatively new (2 years old).",9,unknown,0.8433,0.1529222222222222,0.8164,0.1367888888888889,0.8433,positive,vader_original_full,0.05,positive,negative,unknown,conflict
easyJet,Economy Class,1.0,yes,"I booked and paid for extra leg room seats and easy boarding. I then added $7 to her hands free. I arrived at Stansted this morning and the Manager rudely told me that I’d have to pay an extra £40 for the checkin bag. I said I had paid for hands free and she said she didn’t care as I was taking a bag on the flight so I wasn’t eligible for it. She was rude and unhelpful and despite paying the £40, refused to refund the £7 I had already paid.",5,unknown,0.5994,0.1029199999999999,0.5994,0.1029199999999999,0.5994,positive,vader_original_full,0.05,positive,negative,unknown,conflict
SAS Scandinavian,Economy Class,4.0,yes,"✅ , |  Split, Croatia to Washington, DC via Stockholm, Sweden and Copenhagen, Denmark. SAS Arrival Services in Stockholm gave me the rudest treatment I've ever received by an airline. The flights were not bad, but the customer service experience in Stockholm was bad enough to make me think twice before flying this airline again. I did not know where to go when I arrived in Stockholm. I had a layover there overnight, and the signs were very confusing. I went to Arrival Services for help. When I got there, two people were receiving help at the counter, so I took the next number and stepped back to wait in line. As I waited, a large group of unhappy passengers missing baggage started to show up there, except they ignored the numbers and the line and went straight to the counter. I was upset, but I figured that the customer service folks would ask them to wait. Rather than tell them to take a number, however, they simply started serving the rude passengers. Trying to be polite, I waited, and waited and waited. After about 30 minutes had passed and roughly 30 other passengers had walked around me, I decided to be more assertive and approach the representative directly, who had stepped out from behind the counter. When she finished with her previous passenger, I looked her right in the eye and said hello, and started to ask for help. At that moment, another passenger (presumably Swedish, from the way she spoke) stepped around me and started speaking to the same representative. The rep turned to her and started helping her instead. Finally fed up, I interrupted them and asked for help. I stated that I had been next in line for 30 minutes, and I just had a simple question to ask. She said ""I'm working right now"", in a tone that indicated I was not worthy of her assistance. Not sure what I had done wrong (other than wait in the line they had askede to wait in), I interrupted again. I said ""My problem is simple, I don't have any lost baggage"". She replied ""I am speaking to this person right now"", indicating the girl that had stepped in front of me. Now completely annoyed for having been repeatedly ignored, I said ""she just stepped right in front of me!"", to which I received the response of a disgusted sigh and a dismissive wave of the hand. She turned away and helped the order passenger. I was floored by the rudeness. I walked away for 15 minutes, and came back. The other passengers were now gone. I walked directly to her and asked if it was finally a good time to offer me some help. She smiled at me as if we'd never met before, no apology, but it was one of those smiles that indicated she was really just hoping I would leave. Although she did finally answer my question, I left there feeling like I must have really done something wrong to earn that kind of treatment. Maybe it was just that I wasn't Swedish. Everything else was okay. Flights were fine, food was fine. Inflight staff were moderately polite, but not incredibly warm.

**ASKED FOR THE TICKET HE PROMISED",34,unknown,-0.4989,-0.0352970588235294,-0.0931,-0.0213529411764706,-0.4989,negative,vader_original_full,0.05,positive,negative,unknown,conflict
Ethiopian Airlines,Business Class,4.0,yes,"Having flown on Ethiopian Airlines number of times before I knew what to expect. It was a pleasant surprise to discover that the A350 had its latest business seats which were fairly standard although hiding the remote control in a cupboard did not seem to make much sense. As I arrived, despite only half the seats being occupied at that point, all of the overhead bins occupied and many of them were larger than the size the airline allows. I asked one of the cabin crew what was happening and she conceded – very apologetically – that all of the bags belonged to crew members. I managed to squeeze my bag next to an oversized pilots’ case. There seem to be at least five pilots occupying seats largely at the front of the business cabin which, of course, meant that they were served food and drink first. If Ethiopian Airlines wants to achieve reputation for being the best airline in Africa then it should try to emulate best practice and seemingly giving priority to its employees over passengers who had paid a significant amount of money to fly business class is not the best way of doing this. The cabin crew seemed embarrassed but clearly did not feel able to challenge their pilots. Other than this irritation the flight was smooth, the service efficient, the seats comfortable and both getting on and off the aircraft went smoothly.",9,unknown,0.9091,0.2471444444444444,0.946,0.2834111111111111,0.9091,positive,vader_original_full,0.05,positive,negative,unknown,conflict
Turkish Airlines,Economy Class,3.0,yes,"Frankfurt to Ankara. Checked in well in advance as I was connecting from an overseas flight. The agent had difficulty locating my reservation despite having been presented with an electronic boarding pass and my passport. At the gate, boarded with the priority group given my status on Star Alliance. On board, the hard product looked good and with the exception of my audio jack the seat functions worked well. Following take off we were offered lunch with two options for main course. The food was tasty for economy class and the portions were OK. Several beverage choices including beer, wine and spirits were offered. The IFE had a glitch where every movie choice was directed to the wrong film each time. The seat was comfortable enough for economy. The flight pushed back and landed on time. I have taken multiple international and domestic flights with TK in recent years and as with my previous flights, this one had passengers standing up and walking to the front of the aircraft while taxiing. The FA’s did not force them back to their seats and simply replayed the pre-recorded safety message. As a result, the plane taxied for about 10 minutes with several passengers standing in the aisle and opening overhead bins risking the safety of others around them. Whilst most of my on board experience has been pleasant with TK I am appalled to see that their FA’s do not enforce the most basic safety rules and simply ignore violations. This is a very concerning display of TK’s safety culture and raises questions about the rest of their operations.",16,unknown,0.7951,0.098525,0.7769,0.0858749999999999,0.7951,positive,vader_original_full,0.05,positive,negative,unknown,conflict
SpiceJet,Economy Class,2.0,yes,This is a low fare airlines that appeals to many budget minded travelers. However the airlines baggage policy is completely out of line with the international standards. For example most international carriers offers checked-in luggage up to 23 Kg while SpiceJet is only 20 Kg. The carry-in is limited to 7 Kg only. When you check in your luggage after arriving from overseas journey SpiceJet charges 200 Rupees per Kg an extraordinarily high rate. Checking-in Staff are eager to charge and seldom give a consideration to a traveler's appeal. One feels trapped as there is no option. My advice to SpiceJet increase the weight limit to 23 Kg and institute a flat fee in Indian Rupees equivalent to $25 dollars for an extra piece of checked-in luggage not the 200 Rupees per Kg rate. My advice to international travelers do not expect any concession from ground staff; most of them are trigger-happy to charge fees for extra weight.,9,unknown,-0.7096,-0.0860111111111111,-0.7096,-0.0860111111111111,-0.7096,negative,vader_original_full,0.05,positive,negative,unknown,conflict
AirAsia,Economy Class,4.0,yes,Singapore to Kuala Lumpur with AirAsia flight AK718. Used the kiosk to get my boarding pass and went direct to gate. Flight itself delayed 1.15hours due to congestion at the airport thus making us end up sitting inside the plane for the duration of the time. Onboard FA not so friendly and just did the basics but since this was a short flight not a big concern. Overall still a great flight. I choose to fly with them because of the good schedule to select from.,7,unknown,0.8358,0.0790999999999999,0.8556,0.0946714285714285,0.8358,positive,vader_original_full,0.05,positive,negative,unknown,conflict
Malindo Air,Economy Class,2.0,yes,"Kuala Lumpur to Langkawi. I like Malindo's Boeing planes, but the turboprop was awful. Starting from the airport in Kuala Lumpur Subang, check-in and boarding process and the flight itself. Seats are super tiny in those planes. It was short, but very uncomfortable flight. I gave it a try, but don't want to do it again. I'd rather go to KLIA and fly on a normal plane.",7,unknown,-0.2669,-0.0828428571428571,0.0688,-0.0499714285714285,-0.2669,negative,vader_original_full,0.05,positive,negative,unknown,conflict
Delta Air Lines,Economy Class,3.0,yes,I flew on this airline and experienced delays of 2-3 hours. They made me miss my connection. I had to wait to get a gate to de-board. Service was ok but I will not fly with this airline again.,4,unknown,0.0772,0.0,0.0772,0.0,0.0772,positive,vader_original_full,0.05,positive,negative,unknown,conflict
Finnair,Economy Class,4.0,yes,"Generally, Finnair is a good airline when it comes to on-board service and security. What really doesn't work is the way their customer service handles delays. I had two delays with Finnair in 2018. In both instances, I had to stay in Helsinki overnight (a hotel room in the vicinity of HEL Airport was provided ), but when the question of compensation according to EU-legislation came up, Finnair continues to do everything possible to avoid payment. My flight from Tallin to HEL in August 2018 was due on a Friday at noon, which would have made it possible to catch the onward flight to VIE on Friday evening. In Tallinn, aproximately 24 hours before departure (Thursday at around 1 p.m.), I received a phone call from Finnair customer service, telling me that my flight the next day was cancelled, no reasons mentioned. The only solution was to book me on next day's evening flight from Tallinn to HEL, which meant that I would miss the connecting flight and would have to spend the night at a hotel at the airport.  I claimed the compensation due according European regulations (EUR 250 in this case). Finnair declined to pay the compensation because the flight was allegedly cancelled due to ""extraordinary reasons"". The extraordinary reasons, I was told, were ""unexpected heavy traffic"" at HEL airport and construction works on the runway. Yet, construction work is legally never considered an ""extraordinary condition"" as it is foreseeable and due to the fact that flight was cancelled the day before, ""unexpected high level of traffic"" (on the next day) is impossible for obvious logical reasons. I recommend Finnair as an airline, but be prepared for a lengthy process if you insist on compliance with European rules concerning delays.",14,unknown,-0.4215,-0.0075214285714285,-0.4215,-0.0075214285714285,-0.4215,negative,vader_original_full,0.05,positive,negative,unknown,conflict
Swiss Intl Air Lines,Economy Class,3.0,yes,Flew from New York to Greece through Geneva and returned through Zurich. Half the plane caters to business class. If you're flying economy you're out of luck. The economy class passengers are packed like sardines. No leg room and very tight seats. I'm a small person and I was very uncomfortable. I can't imagine how a larger frame person will be. I'm told that Airbus has nothing to do with the number of seats in a plane. Seats are installed based on the airline requests. An additional issue: I enrolled to the Star Alliance award program through United and Swiss would not credit the missing miles because the trip was already complete when I enrolled but their website does not indicate this. If I recommend Swiss is for the fair last minute booking price and no delays.,11,unknown,0.7754,0.0911909090909091,0.8021,0.1083818181818181,0.7754,positive,vader_original_full,0.05,positive,negative,unknown,conflict
SilkAir,Economy Class,3.0,yes,"Recently I flew Silkair Cairns to Surabaya return via Singapore. On the Cairns to Singapore leg I was seated next to an obese person who intruded as much as 15cm into my seat. I had booked and paid for an exit row because of my height. I am 192cm, 90kg fit and healthy 71yo. I continually asked him to keep to his own seat but it was impossible for him. If he leaned forward his stomach forced his legs into my seat squab. He threatened to punch me. I reported the threat to the attendants and they spoke to him. I was offered a middle standard seat which I had to refuse because of my height. He could have easily been moved to the business section which was occupied by only one staff member passenger. I wrote to them asking for a FOC on only the CNS-SIN sector next time I fly to Eastern Indonesia but they offered a free exit seat CNS-SIN-CNS. Lots of corporate double talk and insincere apologies. If you buy a car and it has no motor you can ask for and get a replacement. I purchased a seat and only got 66% of it and I want a replacement.",14,unknown,-0.9062,-0.0527499999999999,-0.9062,-0.0527499999999999,-0.9062,negative,vader_original_full,0.05,positive,negative,unknown,conflict
Swiss Intl Air Lines,Economy Class,4.0,yes,"Staff is friendly, flight in time, seats were ok. Price was okay but I did not get what I booked since seat reservation is not transparent. They moved my seat even though I had a seat reservation, because they added more business seats. I was moved to the back of the plane. I pay for a service (transport) and I assume to get this service as I booked it and not with hidden terms. Beside of their booking practise I do recommend Swiss International Air Lines.",6,unknown,0.6369,0.1722666666666666,0.5574,0.1446333333333333,0.6369,positive,vader_original_full,0.05,positive,negative,unknown,conflict
KLM Royal Dutch Airlines,Economy Class,1.0,yes,Flew KLM from Amsterdam to Nice. Just shocking how rude and unhelpful the airline staff are at the airport. No such thing as customer service. Several times now I have been overly disappointed in the service by this arline and their staff.,4,unknown,-0.802,-0.2604999999999999,-0.802,-0.2604999999999999,-0.802,negative,vader_original_full,0.05,positive,negative,unknown,conflict
Jetblue Airways,Economy Class,2.0,yes,"Boston to Medellin return via Fort Lauderdale. All 4 flights were delayed by an hour or more, the last flight was 3 hour delay . I have flown Jetblue a number of times, this trip by far is the worst with them. On June 18 flight to Boston, the plane sat loaded waiting to take off of an hour, excuse bad weather yes it was overcast but I have taken off and landed at FLL in heavy weather before. I will say the flight crew was great on each leg of the tri , communication could have been better by terminal staff. in Medellin self check-in terminals worked for some and not for others( including me in Feb it worked fine) needless to say greatly disappointed this time with Jetblue",6,unknown,0.5204,-0.1223333333333333,0.5123,-0.1251166666666666,0.5204,positive,vader_original_full,0.05,positive,negative,unknown,conflict
Air France,Economy Class,4.0,yes,"Recently flew Birmingham to Paris CDG. It is only a short flight which was good considering how uncomfortable the seats were. The seat was far too narrow. I'm not a particularly large guy, but this seat was way too narrow. We were served a sandwich and drink during the flight. The sandwich was revolting and served on bread. Ordinarily I like Air France but this service was poor.",7,unknown,-0.1901,-0.0642142857142857,-0.1154,-0.0429142857142857,-0.1901,negative,vader_original_full,0.05,positive,negative,unknown,conflict
Hong Kong Airlines,Economy Class,3.0,yes,My flight was Sapporo to Bangkok but I had to transfer on Hong Kong about 24 hrs. For first 24hrs I accept to wait because that was the ticket I bought but the airplane was delayed after that. I asked them as I want to get a shower but they say no and give me a voucher for food. The flight still delayed so they gave me a second voucher food which mean nothing to me. I’m  disappointed didn’t fix the problem properly to me.,5,unknown,-0.8847,-0.2918199999999999,-0.8922,-0.30402,-0.8847,negative,vader_original_full,0.05,positive,negative,unknown,conflict
Air Malta,Economy Class,4.0,yes,Not bad however not good either. Airline doesn't provide blankets or headphones and the In flight entertainment is non-existent. The food is not bad at breakfast or dinner. However the A320 lacks from space and you can't use a laptop (even if small) due to the lack of space. The crew is professional however not friendly at all. Don't expect smiles during the inflight service.,6,unknown,-0.0997,-0.0186166666666666,0.5423,0.0975333333333333,-0.0997,negative,vader_original_full,0.05,positive,negative,unknown,conflict
Ryanair,Economy Class,1.0,yes,This rating is for a flight from last year that was cancelled shortly before the date and the only possibility was to book another flight with other company so that we can fly back to Brussels. I was assured that all costs will be paid back. Now after 1 year I am still waiting for a decision if they are going to refund the money. To be fair the craft is mostly friendly and for a cheap flight you can't put high expectations and start to complain.,4,unknown,0.5423,0.1425,0.3182,0.078375,0.5423,positive,vader_original_full,0.05,positive,negative,unknown,conflict
Nok Air,Economy Class,1.0,yes,"Flew Nok Air from Chiang Mai to Bangkok (having to make an international connection at Suvarnbhumi after landing at Don Muang) on Feb 16, a few days after their pilot strike. Host of problems: flight moved from 10:45am to 11:15am, aircraft changed from a single-body to wide body (airline changed to Nok Scoot), consequently took far longer to fill and far longer to load luggage, flight ultimately leaving at 12:40pm; on arrival at Don Muang the airbridge would not work and it took half an hour to disembark get onboard a bus which wound its way to the terminal, the luggage took 40 minutes to arrive. During this entire time I am biting my nails because I had to transfer from one airport to the other and the shuttle bus takes between 1-1/2 to 2 hours and I was in danger of missing my international flight. By the time I collected my luggage there was no way to make my connection at Suvarnbhumi had I used the shuttle and I had no choice but to take a taxi and tell the driver if he made it in 35 minutes I would give him 1000B. He did, and I made it with 10 minutes to spare before the check in counter closed. My return to Chiang Mai (Bkk-CM) is for March 4 at 19:00. I found out yesterday, February 25, that all Nok flights in March leaving Bangkok after 17:00 have been cancelled. Since my incoming flight to Suvarnbhumi comes in at 15:00 there is no way for me to make an earlier flight. All efforts to contact Nok by email have resulted in no reply. Calling Nok from India (where I am now) results in being put on endless hold and it costs about 19B a minute. Have used Nok 6-8 times a year, for more then 10 years, on this route and have rarely found any fault. However, the proof of an airline's worth is how they perform in a crisis - in this case some of their pilots being on strike - and here Nok fails miserably. I finally ended up buying a ticket on another airline and at more than twice the cost. I would, however, continue to recommend this airline. Hope the next time they have a crisis they perform better.",15,unknown,-0.9566,-0.1575466666666666,-0.9566,-0.1575466666666666,-0.9566,negative,vader_original_full,0.05,positive,negative,unknown,conflict
Air India,Economy Class,3.0,yes,Flew AI in November 2012 LHR-DEL-CCU return (AI112 A20 AI21 AI111). Check in swift generous baggage allowance. Flight was an hour late hence didn't cause much of a stir. In-flight decor seating etc.- appalling! Torn carpets and upholstery tired interiors poor lighting creaky and cramped seats poor back support made for a low comfort ride. Ground staff and in-flight staff - were excellent. Inflight entertainment: fair with a bias towards Indian programmes. Meals provided on LHR-DEL could certainly do with improvement arrived in sterile plastic containers cold not fresh. It certainly did not qualify as a wholesome 'Indian treat'. In contrast meals served on DEL-CCU-DEL-LHR were fresh full of flavour. Baggage handling: can do with improvement. Overall they did a good job with honest pricing of tickets and generous baggage allowances with room for improvement in some departments.,12,unknown,0.9756,0.31205,0.9735,0.3131916666666667,0.9756,positive,vader_original_full,0.05,positive,negative,unknown,conflict
Emirates,Economy Class,4.0,yes,"Flew from Kuala Lumpur to Rome via Dubai. The standard has declined drastically. The previous time I had flown with Emirates before this was in 2011 and it was fantastic, especially the food and service on board. Now, it is disappointing. The food selection was horrible. Snacks and drinks very sparse. The cabin crew took a long time to serve our meals. The Emirates lounge in Kuala Lumpur was not given to Economy passengers for free, unlike in 2011. The inflight entertainment was okay. Some headsets do not work. Flights were not punctual. There was a slight delay in all the flights throughout my journey with Emirates this time. Seat selection was not given for free (like some other airlines) for Economy Saver.",13,unknown,0.4001,0.023076923076923,0.4855,0.0274,0.4001,positive,vader_original_full,0.05,positive,negative,unknown,conflict
Allegiant Air,Economy Class,4.0,yes,"First time using Allegiant from Punta Gorda FL. to Asheville NC. Flew out last Friday of October 2016. Nice flight to Asheville. We had planned on return flight 7 days later First Friday of Nov 2016. Because we needed to fly back 2 days earlier we got no refund for our Friday ticket and we both had to purchase 2 new tickets at a cost of double what the Friday ticket cost us. Maybe all airlines do this because of last minute changes? Flight back Wednesday was 1 hour late due to weather in Asheville. It started out to be a good deal for under 300 for 2 people round trip. Well after we had to buy the double priced tickets to get home, we could have flew any airline out there. You live you learn. If you are flying somewhere and want to fly cheap, Don't pick your seat, don't pack a suitcase and save that fee. I might try them again - just got rubbed the wrong way with the early flight back at a 150% extra fee. The staff and crew were very nice. ",13,unknown,0.8439,0.1061615384615384,0.8439,0.1061615384615384,0.8439,positive,vader_original_full,0.05,positive,negative,unknown,conflict
Singapore Airlines,Premium Economy,3.0,yes,"We had a very unpleasant experience with Singapore Airlines. We have originally purchased our ticket to India from Auckland to Delhi and from Delhi to Auckland via Melbourne, leaving on the 9th of April and coming back on the 24th of April. We have received an email on 11th of February that our flight SQ4235 has been cancelled from Melbourne to Auckland. We have contacted the call centre and tried to rebook our flight. We choose the option of rebooking on 31st of May from Delhi to Auckland via Singapore so we have less transfers, flight number SQ403 and SQ4281 operated by Air New Zealand. The call centre operator informed us that all the economy tickets were sold on those flights, so we have an option to purchase Premium Economy tickets by paying an extra $937.60 NZD. We were charged this amount on 6th of March. We were excited to come back to Auckland and for first time in our life in Premium Economy. Unfortunately, our excitement was totally crushed when we realized we can only board the plane in economy class upon check in online. We have tried to contact the call centre again but were unable to get hold on an operator 3 times (we totally understand the current circumstances). The Delhi Airport staff were lovely but were unable to upgrade our tickets. We don't mind Economy tickets as we normally would not upgrade our flights but, in this case, we had no other choice and were charged an extra amount for nothing.",13,unknown,-0.2083,-0.0936615384615384,-0.2083,-0.0936615384615384,-0.2083,negative,vader_original_full,0.05,positive,negative,unknown,conflict
easyJet,Economy Class,4.0,yes,Gatwick to Kefalonia (LGW-KEF). Ticket purchase fairly easy online but printing the boarding pass and online check-in could be made simpler. Due to the early departure I checked my luggage in the night before. Arrived the next morning and saw that at 5.30am they were still full. Shocked that at security at Gatwick I went straight to an x-ray machine! No queues! Eateries rammed as it was the start of the school holidays. Gate announced on time. At the gate they called all those with reserved seats and speedy boarding first. Told to go to the front of the bus and cram in there. Non-priority pax got on the same bus. Longest journey to the plane round the back of the airport and across most of it. At the plane the driver opened only the front door so speedy pax could exit first but as easyJet allocates seats you don't get the disgusting crush and rush as you do on Ryanair. Clean cabin. Thanked by the captain for boarding quickly but then told that the flight was to be delayed due to Air Traffic Control not giving them a slot until 2hrs later! I missed my connecting ferry. Captain came on and said the slot had been pushed back even further to 10am. Crew came down with free water a couple of times. Eventually take off 2 hours late. Fairly uncomfortable for a long flight when you add the extra time on the ground in. Crew were very cheery and professional. The chicken wrap I got had limited fillings and was very dry. The box of crisps were over salty and very oily. Next time I'll buy something at the airport to bring on board. Arriving at Kefalonia we were behind another flight so had to wait to clear immigration a bit and for our bags to arrive. Mine was the last one off! Easyjet are preferable to Ryanair and in some respects to the charter airlines that fly this route so I'd probably fly them again unless the old BMI charter flies again under BA colours.,24,unknown,0.9685,0.0854583333333333,0.978,0.0924875,0.9685,positive,vader_original_full,0.05,positive,negative,unknown,conflict
United Airlines,Economy Class,4.0,yes,We flew from SFO to FRA and returned from OSL to SFO on UA. The service for these international flights was good the cabin staff helpful and professional and the flights on time. The seats in cheap economy were extremely cramped and offer little hope of rest. The flight over had a large contingent of passengers from the Indian subcontinent who did not take the hint to settle down and rest when the crew turned down the lights and yakked the night away oblivious to requests to quiet down. Not UA's fault but they could have been a bit more pro- active to settle these people back into their seats for the long flight.,5,unknown,0.85,0.3508999999999999,0.8659,0.35916,0.85,positive,vader_original_full,0.05,positive,negative,unknown,conflict
Alaska Airlines,First Class,3.0,yes,First class Seat 4D on Seattle/Chicago run was horrible coming and going. Like sitting on a concrete bench. Not acceptable for First or Business Class. Also what's with the Board Room restrictions? I suffered a 6-hour delay at O'Hare but American (partner in the lounge) would not let me use the lounge without a Board Room card. With a delay of any length they should give complimentary day passes to premium customers. On the plus side Alaska cabin crews are the nicest in the business and food is really good.,6,unknown,0.7756,0.0115333333333333,0.7756,0.0115333333333333,0.7756,positive,vader_original_full,0.05,positive,negative,unknown,conflict
Emirates,Economy Class,3.0,yes,Dubai to London. Lucky to have three seats to myself so made up a bed. Popped a sleeping pill an hour after take-off and after a snack was served. 2 hours later cabin staff kept pushing me to wake up as it was main meal time. I resent being woken up for a dinner. If I miss dinner it's my fault not the cabin crews fault. Earth to Emirates cabin crew: Don't wake sleeping passengers.,7,unknown,-0.5994,-0.0678285714285714,-0.5994,-0.0678285714285714,-0.5994,negative,vader_original_full,0.05,positive,negative,unknown,conflict
AirAsia,Economy Class,1.0,yes,Amritsar to Melbourne via Kuala Lumpur booked for April 2020. I’m still waiting for my ticket canceled money they didn’t refund ticket money ticket was canceled from AirAsia because Covid-19.,2,unknown,0.0,0.0,0.0,0.0,0.0,neutral,vader_original_full,0.05,positive,negative,unknown,conflict
Jet2.com,Economy Class,3.0,yes,Travelled back on Tuesday 24th June 2014 the only downside was that we were in the middle of the aircraft (737-300) and by the time the refreshment trolley came along there was no sandwiches or worse still no bottles of water how can this be so on a 4hr + flight airlines state recommendations re re-hydration whilst inflight and then can not provide water which is a joke. Apart from that the aircraft and staff both outboard (13th June LBA 737-800) and the inbound flight could not be faulted.,2,unknown,0.1002,0.04695,0.1002,0.04695,0.1002,positive,vader_original_full,0.05,positive,negative,unknown,conflict
ANA All Nippon Airways,Economy Class,3.0,yes,On the Tokyo (Narita) to Fukuoka segment ANA uses an ancient A320. The interior was upholstered in a deep green which does not even resemble the current ANA blue colour. The plane definitely had a retro feel. Moreover it was nearly empty. 20 pax on a 166 seat plane. Thankfully it's a short commuter flight. They could jazz up the whole experience though and make those 90 minutes a bit more exciting.,7,unknown,0.8016,0.1660571428571428,0.8016,0.1660571428571428,0.8016,positive,vader_original_full,0.05,positive,negative,unknown,conflict
Saudi Arabian Airlines,Economy Class,2.0,yes,"Jeddah to Peshawar via Riyadh. I came from Jeddah on January 5, 2018 via Riyadh to Peshawar. At the airport of Peshawar I did not get my luggage, I wrote a complaint, the authorized person told me that I will receive it within 2 days. It is now 10th of January, today I came to the airport, the same situation. The most strange thing is that they told me that they had received the remaining bags of 27 December flight and my flight was on 5th January. Also, they had no idea when will they receive. I came for two weeks to Pakistan, so for this made my vocations one of the most stressful.",7,unknown,-0.8437,-0.2028428571428571,-0.8437,-0.2028428571428571,-0.8437,negative,vader_original_full,0.05,positive,negative,unknown,conflict
South African Airways,Business Class,4.0,yes,Flight: In last month. First we had a very hectic check in and boarding - though we reached the airport 2 hrs before our flight we had nearly missed our flight because of the slowness in immigration procedures! But I would like to thank to staff at the boarding gate A24 who allowed us in though boarding was closed. Was expecting a wonderful flight in the business class cabin from Johannesburg to Mauritius but both me and my husband were disappointed. The hostess seemed to be forcing herself to smile at us and we had to wait a long time before being served! Moreover the vegetarian food was of extremely low quality. Nevertheless my husband has travelled economy in domestic SA flights and he was happy with the service. It all depends on the crew.,6,unknown,0.9299,0.16715,0.9299,0.16715,0.9299,positive,vader_original_full,0.05,positive,negative,unknown,conflict
South African Airways,Economy Class,2.0,yes,Have used South African Airways quite a lot from Heathrow to Cape Town. They have recently changed the planes to older aircraft. No personal TV in economy food dreadful some stewards very helpful but others surly. The one good point is that their economy class is better than British Airways.,4,unknown,0.8018,0.14285,0.778,0.118275,0.8018,positive,vader_original_full,0.05,positive,negative,unknown,conflict
Qatar Airways,Economy Class,4.0,yes,"London to Sydney via Doha. I have flown with Qatar several times and I am a loyalty club member on Silver status. Unfortunately for work we are only allowed to fly economy so I like to fly with the best economy flight I can. Qatar fell way behind in the quality on my latest journey to Australia with their handling of situations which occurred. The flight from LHR was delayed slightly with a short layover of only 45 minutes. We were assured that everything would be done to get us there with enough time. We arrived in Doha with 35 mins to spare and waited to disembark for about 15 mins. During this time the business and first passengers were called to leave to transfer on. Our flight to Sydney was still in the airport. As we left there was a lady waiting with hotel/meal vouchers which had obviously been prepared during our flight.  We had to wait until the following morning meaning a terrible night in a noisy hotel.  Qatar have paid me for the delay, although it did take 2 emails and quoting the EC regulations before it happened.",12,unknown,0.6461,0.0521999999999999,0.5965,0.0469749999999999,0.6461,positive,vader_original_full,0.05,positive,negative,unknown,conflict
Korean Air,Economy Class,4.0,yes,"Seoul to Los Angeles. If you are buying a ticket for someone else, do not buy. When you are purchase a ticking using your own credit card for someone else, Korean Air will make you go to their Los Angeles office to verify your credit card (payment methods). I have spoken to a customer service rep (English speaker) over the phone and Korean Air will not accept any other method of verification. I think it’s great that they have a strict security system. However, I believe it’s unnecessary to have your customer drive over 50 miles (3 hours in total drive – round trip) to verify that I am the credit card holder.  There were cheaper airline tickets available at the time of purchase. However, I wanted to buy a premium airline ticket (Korean Air, Asiana Air, Singapore Air) for my in-laws. Honestly, this has been the worst experience ever. I wish never made the purchase. Would have saved a lot of money, time and frustration,",11,unknown,0.9084,0.1396090909090909,0.9084,0.1396090909090909,0.9084,positive,vader_original_full,0.05,positive,negative,unknown,conflict
Finnair,Economy Class,4.0,yes,"35 minutes domestic flight HEL-VAA, operated by Nordic Regional Airline. Finnair aircraft and service concept but crew of Nordic Regional Airline. Complimentary coffee, tea, water and bluberry juice. One of two flight attendants very unfriendly. I understand that sometimes you can be tired, but you should be at least neutral way polite for other people, especially for customers. I got a feeling that this guy wanted to be so unfriendly and rude as possible. So low rating because that cabin crew member.",7,unknown,-0.9461,-0.1821714285714285,-0.8632,-0.0853857142857142,-0.9461,negative,vader_original_full,0.05,positive,negative,unknown,conflict
Air China,Economy Class,4.0,yes,"Frankfurt to Shenzhen via Beijing. The key to tolerating a long flight is a good entertainment system since you are stuck in the plane with nothing else to do. I was shocked and disappointed at how bad the in-flight entertainment was! It's a small screen that was extremely pixelated, not touch screen, with a wired hand controller that dates to pre-internet days where you have to tab-tab-tab-select and oops you missed your target so start all over again tab-tab. The choice of movies and shows were kind of okay but catered to the Chinese. They also provided English subtitles but as the resolution was so poor it's not possible to read them! The more recent movie choices in English had the qualify of having been pirated. The audio was just awful. I gave up on the entertainment system an hour in, and read ebooks off my tablet instead! In this day and age, such a bad quality entertainment system is just unforgivable.  The Chinese food was not too bad. The seats were just ok for an average-sized person but when the person in front of my reclined back, the entertainment screen was practically in my face and I had to in turn recline all the way back so I would stop kissing the screen. They wouldn't let anyone use any phones, even in flight mode! I would only fly again if there was a huge difference between the cost of their ticket and that of a more reputable airline. There are no USB hubs, and don't get excited when you notice there are power supply outlets under your seats, as they don't work! Our luggage arrived on time with no damage.",11,unknown,0.8226,0.0434636363636363,0.8226,0.0434636363636363,0.8226,positive,vader_original_full,0.05,positive,negative,unknown,conflict
Jetblue Airways,Economy Class,3.0,yes,"Aside from the horrendous weather which caused a nearly 5-hour delay can leaving florida, the discomfort and discontent was the result of the horrendous attitude and lack of customer care and concern of the crew. I've flown JetBlue for the last 15 or 16 years and usually it's a delight. This particular flight everyone was tired and annoyed by the delays but the staff could care less. Not at all friendly. As an example, I needed to use the bathroom. Went to the back of the plane. Was not familiar with the way to open the compartment. So I needed to ask for help from one attendant who was polite but her other attendant decided to answer me by saying you opened the door by reading where it says open the door. Very sarcastic, very unfriendly. I realize that since I'm 76 it may seem that I'm not savy but it is hurtful when the staff gets some kind of pleasure making a person feel stupid. I really like JetBlue but, they need to train their staff in customer service and not sarcasm and/or law enforcement. Because the other issue with this crew was that all she cared about was making sure people put up their mask, in between every bite or swallow, and she was very autocratic and unpleasant in her mannerisms. Singled folks out and repeatedly came to give them a hard time. Made the whole trip really pretty unpleasant.",14,unknown,-0.793,-0.06275,-0.3526,-0.0358857142857142,-0.793,negative,vader_original_full,0.05,positive,negative,unknown,conflict
United Airlines,Economy Class,4.0,yes,"San Francisco to Frankfurt. Flight attendants were chatting loudly with each other during safety announcements. Flight attendants were obnoxiously loud throughout majority of red eye flight as passengers were trying to sleep. Our row was 2 or 3 away from the galley way yet the flight attendants were still very loud. They were unwelcoming and borderline rude during meal times. The light in the galley way was very bright and made it difficult to sleep (not sure if it was allowed to be turned off). Pilot/flying was great, but flight attendants made the experience overall unenjoyable.",7,unknown,0.0427,-0.0350857142857142,0.1693,-0.0052571428571428,0.0427,neutral,vader_original_full,0.05,positive,negative,unknown,conflict
Delta Air Lines,Economy Class,2.0,yes,Due to the crew not filling out their paper work correctly my sister and friend were stuck on the airplane for 3 hours. She is pregnant and was stressed out due to the fact that they missed their connecting flight. They are not sure when they will get home tomorrow. They also don't have their luggage. It seems like their are a lot of bad things going on with the airlines these days.,5,unknown,-0.6555,-0.1505,-0.6075,-0.1378,-0.6555,negative,vader_original_full,0.05,positive,negative,unknown,conflict
Aegean Airlines,Economy Class,4.0,yes,"Athens to Vienna. Outbound the plane was so narrow seated that even myself of medium height could hardly move, food - the good old pasta as always, and though it was a midday flight at 14.40 we were taken to the plane on the bus. The flight was smooth, inflight staff the best asset of this airline, otherwise as good as any other airline though the use of passenger bridges is not within the programme of Aegean. Front rows 1- 12 you have to pay for them plus 25 euros for your check in luggage, 30 to London. No in flight entertainment.",6,unknown,0.9136,0.22555,0.9403,0.2337666666666666,0.9136,positive,vader_original_full,0.05,positive,negative,unknown,conflict
American Airlines,First Class,4.0,yes,Philadelphia to London with American Airlines. I fly first class international and working the US often. I travel for business and vacations with my family. Unfortunately I find the treatment of women routinely less kind and cordial than that of my male counterparts. It's absurd.,5,unknown,0.1796,0.03592,-0.1761,-0.03522,0.1796,positive,vader_original_full,0.05,positive,negative,unknown,conflict
Air Transat,Economy Class,2.0,yes,"Toronto to Manchester via Glasgow. We have flown Air Transat many times and were quite satisfied but this time our flight out with a stop in Glasgow was horrendous. I'm sure they will say it's not their fault but to allow their customers who are paying top dollar for this flight to be treated in this manner is deplorable. We knew we were to stop in Glasgow, we had done this last year, no problem but did not have to deplane. After barely 2 hrs sleep we were woken up to be told that maybe we would have to deplane and go through security in Glasgow and then reboard. We would only find out after landing! Approx 5 mins after landing we were told to take all our hand luggage and deplane to go through security. There were young families on board with young children that had to be woken up, totally unacceptable. Then proceeded to security, had to line up etc etc the whole nine yards. Isn't Canadian security good enough! We hadn't stopped anywhere while flying over the Atlantic so, was this a make work project for the the Scots. Beware anyone flying this route!",10,unknown,0.8357,0.0331099999999999,0.8748,0.0501499999999999,0.8357,positive,vader_original_full,0.05,positive,negative,unknown,conflict
Air Canada,Economy Class,4.0,yes,"Toronto to Calgary. Flew an ancient B767 that was very tired and dirty. When we arrived on board, my husband's seat was missing its cushion that was in the overhead above us and was stained. The flight attendants were very nice and tried their best to help us by getting another cushion from a seat in the back. Tray tables and seat pockets had crumbs and the seats were very worn out. Service however was quite friendly and the flight attendants were proactive about offering water after the initial drink service. In the future I would prefer to fly the newer A320s on this same route.",7,unknown,0.738,0.0306,0.6293,0.0089571428571428,0.738,positive,vader_original_full,0.05,positive,negative,unknown,conflict
Thomson Airways,Economy Class,4.0,yes,"Flew Thomson Airways from Manchester to Phuket. I was really looking forward to my flight, my husband is disabled so we phoned to book the disability seats and were told that these seats have good leg room and are close to toilets. When we got seated we did find the seats had a bit of extra leg room but we still felt very cramped. There does not seem so much space to walk up and down and if the person put their seat all the way back you feel even more cramped. We also were not near a toilet that we could use and my husband had to walk all the way back to the back of the plane because the toilet near us was for people that had upgraded only. The food was not good with only one hot meal that was very small and I was unable to eat, later we were given a ham roll and that was all. I asked if I could buy a bottle of water and a shake but was told they do not sell extra drinks on the flight, but I was given a small cup of water. When they came round with hot drinks, I had a coffee but when I asked for sugar and a spoon I was told they had no more onboard. Both me and my husband are retired and wish to travel but unless I could afford to upgrade my seats I can not see us traveling on any more Thomson long haul so it will be Europe for us, which is a shame because we had a few places we wished to visit, but we not not justify the extra cost. ",9,unknown,-0.7656,-0.1025444444444444,-0.9011,-0.1778666666666666,-0.7656,negative,vader_original_full,0.05,positive,negative,unknown,conflict
Thai Airways,Business Class,4.0,yes,London - Bangkok 4-5 times a year for the past 10 years business class on TG917 and TG916. I am a gold card member and would add that I am 6ft and 20st. My main gripe is that since the A340-600 has been introduced the level of service has gone downhill in my opinion due to the increase in seat capacity but same level of staff. The importance seems to be on serving rolls steward comes round numerous times whereas the wine serving is sparse and never served with the meal which is a shame as it is very palatable especially the white. The Thai lounge is much better than the London lounge. Films can vary a lot but in the main tend to be American. Seating at my weight is never going to be that comfortable. Overall I will still fly Thai but please you need to improve the service at least to how it use to be.,8,unknown,0.9622,0.2764375,0.9598,0.2699625,0.9622,positive,vader_original_full,0.05,positive,negative,unknown,conflict
British Airways,Business Class,4.0,yes,"✅ , |  Flew from LHR to AUS. British Airways Club World seats are barely wider than coach, and the curvature of the shell makes it feel tighter in the shoulders than coach until the seat is almost half reclined. Profoundly uncomfortable when fully flat as there is a hard bulge at the hinge, best sleeping position is with head elevated a few inches. Could barely wedge myself into the window seat despite unrestricted aisle access, couldn't get out of the seat without putting my hand on and pulling down the seat divider. Footstool that makes up lower part of flat bed came unhooked and dropped to the floor four times on preceding flight. Plane is new with great windows. Restrooms a bit cramped compared to Airbus 330. Flight crew was fine, meal service was adequate, wines were good, in-flight kitchen has been cut back to almost nothing. My upgrade was heavily discounted and I would never pay full price for Club World.",9,unknown,0.7556,0.1007444444444444,0.7243,0.0869111111111111,0.7556,positive,vader_original_full,0.05,positive,negative,unknown,conflict
Lufthansa,Economy Class,4.0,yes,2nd Mar 2014 LH 431 Chicago - Frankfurt. 3rd Mar 2014 LH 760 Frankfurt - Delhi. 17th Mar 2014 LH 761 Delhi - Frankfurt. 17th Mar 2014 LH 430 Frankfurt - Chicago. A pleasant surprise on the flight was the availability of power outlets everywhere. But there were no seats with greater legroom I was ready to pay for. Other things were good as usual including the ever-smiling and helpful cabin crew. One suggestion though. Please stop further cutting corners on food to save costs. The snack pack is so thin already. Finally still waiting to hear about a Special Class between Business and Economy.,11,unknown,0.9666,0.2409636363636363,0.9607,0.2326545454545454,0.9666,positive,vader_original_full,0.05,positive,negative,unknown,conflict
WestJet Airlines,Economy Class,3.0,yes,"Québec to Toronto. This flight was my first with Westjet. Technicaly, it was a good flight, with the exception of the lack of seating comfort (like be seating on a school bus bench) and the unpleasant mood of the two flight attendants. They get very impatient with our two years girls, since she didn't want to seat during the landing and she was crying. Few minutes before the landing, one of them told me that if my daughter don't sit, the pilots will have to divert the flight to an other airport (!). Very, Very unpleasant service.",6,unknown,-0.8062,-0.1513999999999999,-0.8062,-0.1513999999999999,-0.8062,negative,vader_original_full,0.05,positive,negative,unknown,conflict
Delta Air Lines,Economy Class,3.0,yes,"We booked a flight from Toronto to Nashville with a quick layover in Atlanta - big mistake! Our flight to Atlanta arrived on time and we went straight from one gate to the other and when we got there the door was shut in our face and we’re told we had to get on the next flight. After waiting quite a while at the unattended desk at the gate the person finally came back and after asking several times why they didn’t let us on she finally told us that our seats were released 10 mins prior to departure! There was not enough time to make it from one to the other before they released our seats and gave them to someone else! Why would they even put you on a connecting flight that is next to impossible to make?! I do however want to say the gentleman at the customer service desk was helpful and ensured we all got on the next flight but pretty much said don’t do a short connection in Atlanta… maybe the airline shouldn’t sell them this way then?! Other than that flights were fine, I would still use Delta again but never for a layover/connecting flight",2,unknown,0.8698,0.3384999999999999,0.8565,0.33235,0.8698,positive,vader_original_full,0.05,positive,negative,unknown,conflict
Ryanair,Economy Class,3.0,yes,"This is a review based on my Ryanair experiences at Madrid Barajas airport on 23 September 2015. I arrived 2 hrs early at around 1130 for the 1335 flight. At around 1300 our Boarding Cards were checked and we went down the ramp to embark. At around 1320 we were asked to return to the Departure Lounge due to a technical issue. For the next 3 hrs we were not advised of the issue nor of the plans to get us back to the UK. Gradually over that time people would ask the 2 (relatively junior) staff members of Ryanair and 'news', or lack of it, would filter down the line. No announcements were made. By around 1700 we heard that a plane was on its way and we would depart at around 1930. Ok, 6 hrs delay but at least we'd be home. The 2 officials then handed out photocopies of the EU regulations regarding flight delays etc - useful, but to be honest we just wanted to get home! As can be imagined, people then were asking lots of questions of the 2 lads. At around the same time food vouchers were being handed out and stamped by the 2 officials. However, not one of the food outlets would take the vouchers because Ryanair had tried this in the past and had not paid their bills to the food outlets! At around 1830 the 1930 departure disappeared off the departures list. We heard that another flight had been delayed and our rescue plane had been used for those passengers - presumably to avoid 2 sets of compensation!! Time progressed slowly, we then found out that a flight would take us back to the UK around 2305. The flight actually left at 2330 - 10 hrs late. During the 10 hrs, the 200 or so customers were shunted at least 5 times between Gates - can you imagine 200 people racing around getting from A to B! Ok, these things happen. Lessons to be learnt?  Ryanair, have someone on the ground such as a manager to deal with the situation and inform people officially by adequate communication. Pay your bills to the local food outlets. Having reported all the above, I've travelled extensively for the past few years to Spain and back and used Ryanair a lot. Mostly they are cheap and get you there on time; its just at times such as the above where you realise their service is quite flaky. I hope this accurately reflects events the other day and it will help someone in some way.",20,unknown,0.9438,0.0350049999999999,0.9424,0.03378,0.9438,positive,vader_original_full,0.05,positive,negative,unknown,conflict
VietJet Air,Economy Class,2.0,yes,Dalat to Ho Chi Minh City. I Always fly with Vietjet and every time is delayed. I don’t know about this airline policy services but always ask me to buy insurance for delay when I booked ticket online. I’m not sure about this situation but ticket is valuable money.,4,unknown,-0.1761,-0.0271499999999999,-0.1884,-0.0330749999999999,-0.1761,negative,vader_original_full,0.05,positive,negative,unknown,conflict
Thai Airways,Business Class,2.0,yes,"✅ , |  Bangkok to London. This was the poorest flight from Thai Airways I have experienced. It was in marked contrast to the dozens I have taken over the past 30 years. The flight was 7 hours late and we were put up in the BKK Transit Hotel, this was fine although the hotel is pretty humble. The lounge prior to boarding in the A concourse was looking scuffed and it was crowded, food was not great but coffee and fruit were fine. Delays at the gate as well but so far was still in reasonable spirits. The A380 seats aren't the best but at east all offer aisle access. In the air the meals were reversed with breakfast first given the delay this was now a day flight instead of a night one. Crew were unresponsive and glum looking. Breakfast was very overcooked, had to ask for everything including missing cutlery. Two cracked and chipped glasses offered, one badly cracked showed lack of care and any inspection. They were genuinely apologetic when this was pointed out but this was a rare show of passenger focus. Did not see crew at all during the majority of the flight for any period of time between meals, water was replenished once. Dinner was not heated at all and asked for it to be reheated as it was inedible. No pre-dinner drinks, offered one drink with dinner, never saw any offer of any top ups in cabin to any other passengers. Not offered water with dinner. Drinks were replenished on request. In general I felt that you had to ask for everything, there was no anticipation of passenger need. We wanted the flight to be over as quickly as possible, an unusual response to business class. I wondered if the feeling of grief over the recent loss of their King may have had an impact. Would still recommend Thai and hope that our next flights are better with them.",21,unknown,-0.9184,-0.0685142857142857,-0.9432,-0.0816857142857142,-0.9184,negative,vader_original_full,0.05,positive,negative,unknown,conflict
Fly540.com,Economy Class,1.0,yes,Flew Nairobi to Zanzibar with Fly540.com. Excellent airline. Flights are prompt arriving and take off is to the minute on time. Ground staff are helpful as are the cabin crew. Planes are clean and appear well maintained. Baggage arrives with the passengers. A good way to fly locally in E Africa.,8,unknown,0.9217,0.2524625,0.9001,0.2224375,0.9217,positive,vader_original_full,0.05,positive,negative,unknown,conflict
easyJet,Economy Class,4.0,yes,"I don't have a massive issue with EasyJet, they're one of the most affordable airlines on the planet. But does that mean you must torture us with your rock hard seats? Any flight more than 1 hour gives me a dead backside.",2,unknown,-0.9313,-0.46565,-0.9225,-0.3073,-0.9313,negative,vader_original_full,0.05,positive,negative,unknown,conflict
Finnair,Economy Class,1.0,yes,"Bangkok to Manchester via Helsinki. The flight from Bangkok was excellent, members of staff were some if not the best I've ever met. This was the first time my 13 year old son and been on a plane and on our 2nd flight to Manchester they separated a child travelling with an adult. Seats not even close to each other. The outcome was on the online check-in I had to pay extra for two seats so we could sit together. I would have thought it was standard practice to seat a child with the accompanying adult. That's unless of course you're deliberately separating them so as to generate extra income.",7,unknown,-0.0176,-0.0024714285714285,0.0598,0.0083428571428571,-0.0176,neutral,vader_original_full,0.05,positive,negative,unknown,conflict
Air Bagan,Economy Class,3.0,yes,Four internal flights in the last three weeks. Three on time one an hour late and this because a party of VIPs decided to turn up an hour after the scheduled take-off time. All flights satisfactory. Planes in OK condition. Even on short flights we were served refreshments. Nothing computerised and the whole process completed manually. When joining flights outside Yangon (the starting point for most flights) there is 'free' seating. This is because the systems are unable to work out which seats are vacated at each stop.,8,unknown,0.8494,0.1780375,0.8176,0.1592125,0.8494,positive,vader_original_full,0.05,positive,negative,unknown,conflict
AirAsia,Economy Class,1.0,yes,I want to credit my flight or at least 'move flight' because of Covid 19 & I have followed each step carefully and correctly. I have spent hours on this only to discover I am charged the full amount. I was promised by email not to be charged any more as I purchased the ticket Jan 2020. It is completely opposite to what the email says.,4,unknown,0.69,0.1999249999999999,0.69,0.1999249999999999,0.69,positive,vader_original_full,0.05,positive,negative,unknown,conflict
Turkish Airlines,Economy Class,2.0,yes,"Belgrade to Kiev via Istanbul. Worst customer support service ever. They respond with automatically generated replies that has nothing to do with my questions and complaints. Also Miles&Smiles program is made for fools. I have been flying with Turkish airlines for 10 years, collecting miles and now there is no way I can use them before they expire! Can’t buy reward ticket, can’t upgrade my flying class, nor my bonus card class, can’t shop in the aircraft and online. My bonuses are blocked and soon will expire for nothing. And this is the way they say Thank you for being their faithful customer for a decade!",7,unknown,-0.3257,-0.0497285714285714,-0.3257,-0.0497285714285714,-0.3257,negative,vader_original_full,0.05,positive,negative,unknown,conflict
Jetstar Airways,Economy Class,3.0,yes,"Denpasar to Sydney. Staff were rude and lack of customer service. They hardly smiled and when asking for Pen to fill up the declaration form, they just had a rude face and was like ""Somebody borrowed mine"". Pilot was very good though. He was keeping us informed.",5,unknown,0.1531,0.04948,0.5574,0.1109999999999999,0.1531,positive,vader_original_full,0.05,positive,negative,unknown,conflict
Asiana Airlines,Economy Class,3.0,yes,HIJ-SEL-HIJ. Travel Class using ANA mileage reward (so not possible to check-in online and choose seats in advance - infuriating). Check-in line at HIJ very long (25 minutes) immigration similar. Outward flight okay but 'turbulence' throughout meant seatbelt signs were virtually never switched off. Return journey originally scheduled for 18.40 're-timed' to 19.00 (no reason given) departed 19.05. Check-in at SEL efficient but long queue although moved quickly (10 minutes). Stale sandwiches served and again seatbelt light on for almost all of journey despite virtually no turbulence. Wait for luggage at HIJ excessive. Not sure why this airline is five star.,12,unknown,0.6356,0.0334416666666666,0.4568,0.0039166666666666,0.6356,positive,vader_original_full,0.05,positive,negative,unknown,conflict
Scoot,Economy Class,2.0,yes,"Trichy to Singapore. The flight was delayed 1/2 an hour. The seats were cramped. The food was expensive. The crew was nice, but not motivated. Seats were ok, but not too comfy. But it was worth the price.",7,unknown,-0.3226,-0.0313999999999999,-0.4348,-0.0705,-0.3226,negative,vader_original_full,0.05,positive,negative,unknown,conflict
Jetstar Asia,Economy Class,4.0,yes,"On our return Jetstar Asia flight from Siem Reap we were seated in row 17. The row was extremely narrow, more so than row 16 which we sat in on our flight up to Siem Reap. My husband moved to a row near the back of the plane and he said there was more room there. Avoid row 17 if possible.",4,unknown,-0.3535,-0.074,-0.3535,-0.074,-0.3535,negative,vader_original_full,0.05,positive,negative,unknown,conflict
Ryanair,Economy Class,3.0,yes,"I had a nice trip to the sun last week from Dublin courtesy of Ryanair on the new MAX. Delayed outbound due to cold weather and lack of deicing equipment at DUB. Crew led by a very professional purser. Nice run back as well, played by the rules, brought my own grub, didn't book a seat, had a small bag. Have another flight booked for FCO in Feb and got an email to say it was cancelled and gave us a number of hours to accept the schedule change, it is not cancelled at all and they want to put us in the later on to see if they can sell tickets at an inflated price. Absolutely scandalous and complaint made to Irish Aviation authority. The alleged cancelled flight is still going albeit at an inflated price! Crooks with no conscience!",7,unknown,0.4821,0.0080428571428571,0.7449,0.0784428571428571,0.4821,positive,vader_original_full,0.05,positive,negative,unknown,conflict
Iran Aseman Airlines,Economy Class,4.0,yes,The Fokker-100 was certainly old but clean. The flight announcements were made in Farsi and English to my surprise. The flight was smooth on time and without any nervousness. Food was surprisingly excellent. Chicken rice and a bottle of Pepsi.,5,unknown,0.9523,0.36982,0.9661,0.42,0.9523,positive,vader_original_full,0.05,positive,negative,unknown,conflict
Gulf Air,Business Class,4.0,yes,"Bahrain to Chennai. I had a confirmed economy ticket and went to book my luggage at 1945 for a 2150 hrs departure flight. After a few taps on the keyboard the agent calls up in his intercom and asks for a confirmation. After 2 to 3 mins of refreshing the screeen he asks me to go over customer service and take my boarding pass. One piece of my baggage is on the scale, which the agent advises he will keep it. Over to the customer service another agent taps the keyboard for 3 mins and then informs me to ""come back at 2100 hrs"". I ask him the reason, he says flight is overbooked and though I have a confirmed ticket nothing can be done. The customer service agent then goes inside the office for further consultation and I see his supervisor shruggging his shoulders and dismissing the customer service agent. I demand for the boarding pass to be issued. I am then confronted by the Supervisor in the customer service asking me to vacate the area. I hold my stance and insist for the release of boarding pass. Then I am directed to another agent in the customer service who offers me Business Class for a whopping BD 150 extra, and thus my travel could be ensured. I meekly accept the option and BD 150 flies off my wallet, and I am already exhausted by the day long travel to Bahrain.",13,unknown,-0.296,-0.0234230769230769,-0.4019,-0.0328615384615384,-0.296,negative,vader_original_full,0.05,positive,negative,unknown,conflict
Lufthansa,Economy Class,2.0,yes,I took a round trip from FRA to LAX for business. During the flight back the cabin was freezing cold. I was sitting in the rear part of the aircraft on the window side. The supplied blankets are completely ineffective because they are made of wide mesh kind of fabric that still lets the cold air pass through that is coming from the overhead ventilation slots. In the end I had to wear my winter jacket all the time. The lady next to me also complained and was sitting there with a thick winter jacket scarf cap and gloves.,6,unknown,-0.5984,-0.1175333333333333,-0.5984,-0.1175333333333333,-0.5984,negative,vader_original_full,0.05,positive,negative,unknown,conflict
Thai AirAsia,Economy Class,3.0,yes,"Bangkok to Surat Thani. The airline is fine, but they have an issue with customer service. They changed our flight schedule, and we tried to contact them to cancel our flight many times and could never reach anyone. They dont answer phone calls, its all thru their chat robot, which never connects you to a real person. Since they changed the hour of our flight, they should give us the option to cancel, they didnt. We ended up having to do a much longer trip changing our other transportation to fit this flight. I wont say I don't recommend this airline due to one incident, because its cheap, so in the end its fine. but I wanted to let people know their customer service is atrocious.",8,unknown,-0.2325,-0.0166374999999999,-0.2325,-0.0166374999999999,-0.2325,negative,vader_original_full,0.05,positive,negative,unknown,conflict
Air New Zealand,Economy Class,4.0,yes,Auckland to Christchurch. When arriving at Auckland Airport. We recieved unacceptable customer service at the special assistance counter. We have a son in a wheelchair so need the wheelchair to be taken to the flight door. As our son is able to walk limited steps when required. We were told it was a full flight by the air NZ team member. And we had not let them know by email pre flight. And all seats are pre allocated. So she can't just change seats because of us. I explained to her that we have traveled a lot and have never come across this problem. As it is always done through the hospital travel centre.( And when back in Christchurch   I rang our agent to confirm this was correct. And she confirmed that they always email the wheelchair weight etc details. ) I asked her if I could maybe have someone else who understood our situation could help us. And she said she would get her supervisor to explain to us. Upon return she said we will do it for today? When reaching the the flight gate we were asked if we had been to special assistance. As they had been informed of us needing assistance? The team member Ash at gate 29 was amazing and even walked as to the flight door. When on our flight we were surprised to find it was not a full flight and there about 50+ empty seats. I'm very disappointed in this lack of service at the beginning of our check in process.,19,unknown,0.1134,0.004278947368421,0.3489,0.0177052631578947,0.1134,positive,vader_original_full,0.05,positive,negative,unknown,conflict
United Airlines,Economy Class,4.0,yes,"London to Chicago return. Having had a brilliant United Airlines outward flight 5 days previously, I had no reason to expect any different on the return trip. However,it was a totally different experience. The seats were smaller and less legroom, I wish I could remember which type of aircraft it was. The seatback screens were tiny and had less choice. The meal was disgusting apart from the icecream and for breakfast we were offered a cold (almost frozen) croissant. My main issue though was the crew member who 'served' me. She never cracked a smile once. Nor any interaction at all apart from ""chicken or pasta"" and a very interrogative ""drink?"" She did neither greet or farewell any passengers and treated us like an inconvenience. However on departing the plane which had an exceptionally smooth landing at LHR the pilot bade us farewell and thanked us for flying United Airlines - I guess he's the one that really matters.",10,unknown,0.7549,0.06905,0.8674,0.08191,0.7549,positive,vader_original_full,0.05,positive,negative,unknown,conflict
American Airlines,First Class,4.0,yes,"✅ , |  Boston to New York JFK in August 2015. After a rather fast check-in and boarding process the plane took off in time. It was a short haul flight and the expectations for the meals were low - just a small packet of chips or cookies instead of e.g. a breakfast are definitlely a taboo for a first class service. Furthermore, the variety of beverages was very limitated and coffee was out of stock soon. The cabin facilities have seen better days as well due to the fact that they were certainly in use for decades. The cabin staff was not unfriendly but just executed their duties. Summing up, this flight experience was somewhat below the average.",9,unknown,0.4948,0.0688111111111111,0.5454,0.0913888888888889,0.4948,positive,vader_original_full,0.05,positive,negative,unknown,conflict
American Airlines,Economy Class,2.0,yes,"Washington to Los Angeles via Dallas. The staff at the boarding time was very rude and unfriendly. The lady at the gate was very rude to me and my family, we were in Group 9,the lady kept on telling us that don’t you know what Group 9 means and acted not at all polite with me and my family. I understand that there are rules but there is better way of talking to customers and informing them the rules. This was my first time with American Airlines and my start of the trip was very disappointing. A staff cannot be so rude to my family just because we had more than one bag, and the extra bag was a purse and not a bag.",6,unknown,-0.9074,-0.29605,-0.6563,-0.1763499999999999,-0.9074,negative,vader_original_full,0.05,positive,negative,unknown,conflict
Asiana Airlines,Economy Class,3.0,yes,"✅ , |  
Asiana Airlines flight from Seoul to Jakarta, delayed 1 hour because we need to wait for the other connecting flight to arrive. The food was good, there are 2 choices between Korean local food which I belive called ""bibimbap"" or standard chicken and rice. 2 hours after take off, the air conditioning stopped working and cabin temperature got higher. It became so hot that a lot of passengers were using paper as fans to cool themselves. I called the flight attendant who said she would lower the temperature but nothing changed. The in-fight entertainment system still used an old 4 inch screen with remote (not a touchscreen display) with very limited choices of movies. Overall I still recommend Asiana.",7,unknown,0.644,0.0955571428571428,0.6382,0.0921714285714285,0.644,positive,vader_original_full,0.05,positive,negative,unknown,conflict
British Airways,Business Class,4.0,yes,"LGW to CMB via MLE and return Sept/Oct 2014. As a British Citizen you desperately want to like BA but they do make it very difficult to do so. The recent documentary ""A Very British Airline"" whetted our appetite that perhaps a commitment to service may have returned to BA particularly in the long-haul premium cabins. Sadly on all the legs the cabin service was totally indifferent without any effort to do more than the bare minimum. Attendants chewing gum no smiles everything was all too much effort. The only time the crew showed any animation was when talking to each other. Adequate is about the best description but it could have been so much better without any cost except a bit of effort.",7,unknown,0.551,-0.0480714285714285,0.5036,-0.0517285714285714,0.551,positive,vader_original_full,0.05,positive,negative,unknown,conflict
Monarch Airlines,Economy Class,4.0,yes,"Manchester to Fuertaventura with Monarch Airlines. We opted to buy extra legroom seats and were pleased that we did. On the outbound leg we were about 40 minutes late taking off which they blamed on need to de-ice the plane but in truth we did not start boarding until 10 minutes after departure time and this was slowed by a demand for some passengers to put their hand luggage in the hold. Due I think to items for the return flight being stored in the overhead lockers by the staff. Flight was good and arrived only just behind schedule. The return flight was smooth and arrived ahead of time. Monarch is very like a lot of other low cost airlines and you pay for what you get. A seat on the plane, anything else is extra and at £4 for a small can of lager, £1.80 for a can of pepsi max and £4.50 for a bacon panini plus hold luggage charges and so on can work out very expensive. The panini by the way was very hot, very dried out and tasteless. Staff were pleasant and professional throughout. A good airline compared to some low cost options.",13,unknown,0.9402,0.1585461538461538,0.9741,0.2117153846153846,0.9402,positive,vader_original_full,0.05,positive,negative,unknown,conflict
Gulf Air,Economy Class,3.0,yes,LHR-BAH. Airbus A340. Service is usually good equipment new check-in a breeze. I think this was a relatively old interior judging by the low quality screen. The seats in economy were terrible neither I nor the angry woman behind me could get comfortable because our knees were pressed against the reclining seat in front. I had an aisle seat - 22c and was struck painfully on the knee by a trolley woken frequently by having my shoulder knocked by stewardesses water tipped on me from a food tray being passed over no apology or explanation. By the end of the flight I felt that I had been through an assault course.,7,unknown,-0.6854,-0.0933428571428571,-0.7137,-0.1017142857142857,-0.6854,negative,vader_original_full,0.05,positive,negative,unknown,conflict
Jet2.com,Economy Class,3.0,yes,"August 2015 travelled with Jet2.com from Newcastle to Alicante and in September 2015 made the return, these flights were pre booked almost a year in advance and I pre booked seats 12B and 12C at a cost of £36, I chose these seats as they were stand alone seats next to an emergency exit. On boarding the plane on each journey I saw that these seats were now a centre and aisle seat in a row of three, the plane was bigger than the plane that I had booked the seats on. Prior to flying I pre booked flights for 2016 a year in advance, and again pre booked the same seats 12B and 12C again at a cost of £36. If I had known that I would not be sitting in the stand alone seats that I had pre booked I would have booked a window and centre seat or taken my chances with allocated seating. I contacted Jet2 and was told I got the seats I had booked and that the plane for the flight in 2016 remains the same and therefore the seating I selected remains the same. Should I wish to amend my pre-booked seats ahead of any changes they make to the size of the aircraft additional fees would be incurred for the pre-booking of new seats. Moral of the story don't book too far in advance. Poor customer relations.",9,unknown,-0.6369,-0.0759777777777777,-0.6369,-0.0759777777777777,-0.6369,negative,vader_original_full,0.05,positive,negative,unknown,conflict
Copa Airlines,Premium Economy,4.0,yes,"This flight happened almost 3 months ago and they switched my seat last minute. I paid for premium seats, in the 5th row, in a window seat. Upon boarding, I was notified that my seat had been changed.  I had to wait for a new boarding pass while almost everyone else boarded the plane, as the attendant was busy scanning everyone else in and having issues printing my pass so she had to just write the new seat on my existing pass. They switched me to the emergency exit row, in the aisle seat. I watched to see who got my seat and it was a lady with a small child, and children aren't allowed in the exit row so I figured that's why.  Also, their stupid site can have programs in place to notify of seat issues when choosing seats for kids. This ruined my experience by 80%. I had really looked forward to the views from the window leaving my country behind, and the views upon entering a new one. Things would've been even worse if I had to join a customs line after that specific flight but luckily I didn't have to. Just a disappointment because I paid extra.",11,unknown,-0.6968,-0.1166727272727272,-0.6968,-0.1166727272727272,-0.6968,negative,vader_original_full,0.05,positive,negative,unknown,conflict
Southwest Airlines,Economy Class,2.0,yes,"Las Vegas to Orlando via Nashville. On August 22 flight #2421 was over 20 minutes late arriving in Las Vegas. This caused the flight to leave Las Vegas over 50 minutes late this jeopardizing our connection flight #1296 in Nashville. The flight attendants then said they will hold the plane in Nashville until we arrive there. However, we paid for the early bird check-in because Southwest doesn't assign seats for their passengers. In order for you and your family members to sit together, you have to purchase the early bird check-in which assures you a place in line within the first 60 people. This does not work if your flight is delayed coming in and your connecting flight already boards everyone even the people who didn't pay for the early bird check-in. So you get screwed and lose your place in line which you paid for. So when they boarded us onto flight #1296 and we tell the flight attendant that we paid for the early bird check-in. The flight attendant says well we waited 20 minutes for your flight to get in. How is that the passenger's fault that the flight go in late? So they tell us to sit in the only available seats which are center seats not even in the same row. Also to make matters worse the seats are sandwiched in between 2 larger than normal-sized people. So I had to squeeze between 2 large people and my husband got to sit next to a 350lbs man who was partially in his seat so much so that he had to lay his tray table down to lean on it for the entire flight. Did the flight attendants care? Of course not because they herd people like cattle on these aeroplanes, they don't care if your flight is uncomfortable. The flight lasted 1 hour and 23 minutes to Orlando. When we got home. I called Southwest Customer Service and the only thing they said they can do from their end is to refund us the $12.50 each that we paid for the early bird check-in. They said to call their Customer Relations Department. On 8/30/19 I call Customer Relations and explain to the representative the situation and the terrible experience and she said she can only refund us $50 each in travel vouchers towards another Southwest flight. So this airline company takes your money, gives you a terrible flight experience and only gives you $50 each for your unsatisfactory experience due to their flights not keeping on schedule. I told the representative if Southwest assigned seats in the first place it would not have been a problem because no one would have sat in someone else's seat. We pay for the early bird boarding to get within the first 60 people on a plane so parties can sit together. Looking back in hindsight my husband and I should have walked off the plane and asked to be put on another plane where we would be able to board within the early bird boarding and not lose our place in line. I doubt if I will ever book another trip with Southwest.",25,unknown,-0.9469,-0.088648,-0.9489,-0.088388,-0.9469,negative,vader_original_full,0.05,positive,negative,unknown,conflict
Norwegian,Economy Class,3.0,yes,"Miami to London Gatwick. First time flying with Norwegian, I was very unimpressed how they weigh your carry ons. I had a small pull along suitcase full of my babies essentials for the flight and was told it was too heavy and I would have to pay $15 a kilo my suitcase was over by 3 kilos also and the lady serving us just grunted pointed to the left and shouted go go come back when you sort. The flight was ok the seats were comfy, the TV was actually pretty snazzy and cool but on a long haul flight I was shocked that food is not included free. This is  a company that does not strive for positive customer feedback they offer  cheap flights and it’s a take it or leave it scenario. If you need a cheap flight I suppose it’s great however if your looking to start your holiday off cheery and happy I suggest flying with someone else.",6,unknown,0.918,-0.0893833333333333,0.918,-0.0893833333333333,0.918,positive,vader_original_full,0.05,positive,negative,unknown,conflict
easyJet,Economy Class,3.0,yes,2.5 hours delayed from Prague to Gatwick paid 200 pounds and get to Gatwick middle of the night taking cab for another 60! Very bad first flight experience lady sitting next to me at said on Friday flight she was delayed 6 hours and Sunday flight 2.5 hours. They said delay was because of bird etc. Will not fly again.,5,unknown,-0.8475,-0.2203599999999999,-0.8856,-0.27274,-0.8475,negative,vader_original_full,0.05,positive,negative,unknown,conflict
Delta Air Lines,Economy Class,4.0,yes,"This is the third flight in a row that was either delayed or cancelled. This time it had some pretty expensive impacts. We arrived at the airport and found out 20 mins before boarding the flight was cancelled. We had an Air BNB (non-refundable) set up a Turo rental (non-refundable) and tee time for golf booked (non-refundable). We are out quite a bit of money that we would like to get reimbursed for or compensated in kind. I understand that there are times ""act of god"" where weather is an issue or things out of Delta's control happen. This is not the case as we were told that they didn't have a pilot. This just sounds like bad planning and we shouldn't be victim's of that kind of issue. The average wait time to talk to anyone is 3+ hours which really is ridiculous.",9,unknown,0.3657,0.0132222222222222,0.0056,-0.0074111111111111,0.3657,positive,vader_original_full,0.05,positive,negative,unknown,conflict
American Airlines,Economy Class,1.0,yes,"I was in line at DFW to board the plane A 20 , my group was called 5 and I approached the agent she said that I could not use the scanner and that I needed to use the other one, no problem, Then 5 seconds later she said to the lady behind me that she could you use the same scanner that I was told not to. Then I boarded the plane 10 minutes later she came aboard and approached a man one row behind me seat 12 A I believe, and started to berate him about asking questions to the gate people, this continued for 10 minutes she was inches face leaning over the 2 other passengers. I heard that if he did not comply he would be removed.  I am not a happy customer.",4,unknown,-0.163,-0.03095,-0.163,-0.03095,-0.163,negative,vader_original_full,0.05,positive,negative,unknown,conflict
American Airlines,Economy Class,3.0,yes,"Brought my 2 year old with me. 2 years old and up require masks due to covid per CDC. She kept it on in the airport and when boarding. But when we sat in our seats, which was just our family, she removed the mask to eat goldfish sporadically. The flight attendant told me that she had to wear a mask. I apologized and said she had been eating and placed it on. The next time the flight attendant came by she said she needs to wear it even though my daughter was actively eating at the time which I told her. She said well it really should stay on and just be pulled up and down. On a 2 year old? Be realistic. However, what really was upsetting was that adults around us had their masks partially down while eating and there was another child next to our aisle that was at least 3 that never had a mask on at any point. She didn’t have it on during the flight or when they left and the flight attendant never commented. I think that it would be easier to tolerate this lady’s unrealistic standards, if she held everyone to them and not just my child. Other staff were completely fine.",13,unknown,0.8527,0.0830307692307692,0.8527,0.0830307692307692,0.8527,positive,vader_original_full,0.05,positive,negative,unknown,conflict
Air France,Economy Class,2.0,yes,Milan to Houston via Paris. The flights were okay as usual but my luggage arrived to Houston destroyed. I saw no Air France agents in the arrival. I took my luggage directly home and filled a claim form. I got an email with no case number or reference saying that I will get an answer in 2 weeks or little longer. Nothing happened after one month and I contacted customer services .. and they told me to re-fill the claim. I did on November 11 and I got another email identical to the previous one.,8,unknown,-0.8684,-0.154175,-0.8684,-0.154175,-0.8684,negative,vader_original_full,0.05,positive,negative,unknown,conflict
Etihad Airways,First Class,2.0,yes,Paris-Abu Dhabi-Melbourne first class. Paris to AUH no staff in first class cabin spoke French. Service was haphazard at best. Sink in main bathroom was blocked and this reported to crew. The same aircraft serviced the AUH-Melbourne sector. The sink was still blocked. This airline has some excellent staff however the standards are extremely uneven and one is left with the impression that training could be improved.,7,unknown,0.8176,0.0887999999999999,0.8316,0.0906714285714285,0.8176,positive,vader_original_full,0.05,positive,negative,unknown,conflict
Swiss Intl Air Lines,Economy Class,4.0,yes,ZRH-HAM. Friendly and accommodating crew with good drinks selection and a snack. Overall the Lufthansa Group's ground-crew policy of outsourcing check-in services to the cheapest provider counteracts the excellent on-board service: In my row in economy we were 3 Star-Gold customers (visible on our boarding passes) sandwiched next to each other. One look to the rear of the plane revealed that nearly all middle seats on the plane were empty. This seating practice leaves the impression that status-customers are being punished for their loyalty.,5,unknown,0.886,0.2873,0.8591,0.2699000000000001,0.886,positive,vader_original_full,0.05,positive,negative,unknown,conflict
Malaysia Airlines,Business Class,1.0,yes,KL to Beijing return A330 each way. Outbound flight only half full and being the redeye there were plenty of empty rows in the center so wife and kids slept nearly the whole way. I ended up wandering up to business only about a third full to chat with a friend I happily realised was aboard also and stayed about 4 hours and the crew were fine with that. Tasty meal kids pack and more than enough booze thank you. Inbound flight was 6am so very full yet tasty breakfast and OK coffee kids happy with the entertainment.,5,unknown,0.9574,0.36854,0.9524,0.36262,0.9574,positive,vader_original_full,0.05,positive,negative,unknown,conflict
Wizz Air,Economy Class,4.0,yes,I flew from Iasi to Luton. The stewardesses are generally unprofessional. They spoke loud all the fly and laughing considerably witch doesn't look very professional. When they needed to speak they even couldn't finish their script and start laughing. At the end of the flight one of the other passengers become aggressive. One of the stewardesses instead of staying calm and managing the situation started to scream and threatening us that no one will leave the air plane until police will come. She started screaming to other passengers to manage the lady themselves is like was the other passengers job not their job. One of the stewardesses was also nearly crying. Now I am wondering myself if they react like that were there wasn't any imminent danger how they react in a real emergency situations. Their behaviour was like someone was taken from the street without any training and placed to do a stewardess job. Such a lack of professionalism never seen in my life. Very disappointed.,12,unknown,-0.8809,-0.1157,-0.8911,-0.129025,-0.8809,negative,vader_original_full,0.05,positive,negative,unknown,conflict
Virgin Atlantic,Business Class,3.0,yes,"Plane is great, staff are excellent, lounge at LHR best in class. Website used to work well. Now it looks great but our experience with customer support especially with regards to problems with bookings, logging into my account, using air miles etc. has been appalling. I have wasted in excess of 2 to 3 days of office time over a period of 2 months trying to login into my account with no one in the IT backroom being able to 'fix' my account so I could use the 300K+ air miles in my account to book flights. No apologies from the IT office, who put the front of house team who are generally excellent into a terrible position with clients phoning in. Latest firago is that the 'computer' has moved my seats on both outward and return sectors to opposite sides and ends of Upper Class and again no one can fix this. It also made me 17 years younger, deleted all of my passport details, made my travelling companion to have no gender, wrong age and also no passport. I have travelled with Virgin Atlantic from the very beginning. Always loved both the flights, the lounge and the bookings staff. Now their customer service when booking over the phone is grossly undermanned - average time to answer is 10/15mins+ and the bookings staff are virtually powerless to do anything with regards to bookings made via the website. Overall experience - customer interface zero to negative. Hopefully my flight will be was good as usual. Virgin are starting to make BA look attractive and I never thought I would say that.",14,unknown,-0.1087,0.0288428571428571,0.0455,0.0345857142857142,-0.1087,negative,vader_original_full,0.05,positive,negative,unknown,conflict
Emirates,Economy Class,4.0,yes,"Very disappointed when I approached the stewardess, (who was talking and laughing with a colleague) and asked for a red wine. She responded by saying, ‘it will be easier if you just go and ask at the kitchen at the back! Not the service you expect from Emirates.",2,unknown,0.4402,0.21275,0.4402,0.21275,0.4402,positive,vader_original_full,0.05,positive,negative,unknown,conflict
British Airways,Economy Class,2.0,yes,"London to Milan Linate. I landed in London after taking connecting flights from Orange County California to Dallas and then Dallas to London both on American. I landed in London at 1:15 P.M. This flight did not leave until 6:30 P.M. I went to the British Airways help desk and asked if I could get on the 3:00 flight. They told me to go to the gate and wait to see how full the flight was before the flight as I had only one carry one and nothing checked. I went to the gate just before boarding and they told me that it was impossible as I would have had to go to the ticket area at least an hour before to change the ticket. So I had to wait another 3 hours. I have now been traveling for 18 hours. At the gate for boarding they looked at the bag and said I would have to check it. I explained that it is a regulation carry on bag and it was on the last two flight and I have had the same bag on over 30 flights as carry on. I explained that it was on the last to connecting flights and I have been traveling for a long time and did not want to wait a long time for my bags as I will be getting in late. They were very rude and tagged the bag but still gave it to me to carry down to the tarmack and get on the bus to the plane. I decided to carry it on to the plane. It fit easily in the overhead as it has for every other flight (there were other bags that were bigger than mine. They actually came on the plane and took the bag off and put in in the cargo hold. If that wasn't annoying enough, I could not believe I asked for water to take a pill and they charged me for a bottle of water. They also charged the woman next to me for a cup of tea. I could understand this possible on one of the discount airlines but this was British Airways. To end my frustration it took almost an hour to get my bag as the belt stopped halfway through the process. I am a travel agent and will never book for someone else or myself unless there is no other viable choice.",23,unknown,-0.5854,-0.0128173913043478,-0.6216,-0.0134130434782608,-0.5854,negative,vader_original_full,0.05,positive,negative,unknown,conflict
Turkish Airlines,Business Class,3.0,yes,"Ankara to Istanbul on Turkish Airlines. Checked in at the business lounge entrance. I was helped by an agent who did not seem all that interested in her job and simply made a comment that my carry-on might be too heavy but offered no suggestions. Boarding was delayed due to late arrival of inbound aircraft. Once on board, it took another 45 minutes to depart bringing the the total delay to 70 minutes. Little to no explanation was provided by the crew. The hard product was a welcome change from the other business class configurations with seats offering more privacy and all with direct aisle access. Catering was efficient and exceptional for a short flight with a hot breakfast and multiple beverage options. FA’s were friendly and attentive. Flight landed late and it took forever to get to the gate and upon arrival we discovered we had to be bussed despite the aircraft being parked in front of an air bridge. Disembarking passengers were not offered much direction on which bus to get on. The bus ride took another 10 minutes and by this time the connecting passengers were scrambling for their flights. TK should be ashamed for forcing their customers to take a bus when the aircraft is sitting 10 feet away from an air bridge. Whilst the airport looks impressive, TK needs to get more efficient in the way they move their passengers. Overall a decent experience on board but an abysmal one on the ground.",15,unknown,0.8302,0.0329466666666666,0.7156,0.0246933333333333,0.8302,positive,vader_original_full,0.05,positive,negative,unknown,conflict
Air Canada,Business Class,3.0,yes,AC 811 from IST to YYZ on B767-300. The ground services in Istanbul are handled by a third party for Air Canada and are appalling. I am a top-tier AC frequent flyer and used the priority check-in which took an extraordinarily long time to process our party of 4 travellers. There were 5 agents behind the desk with only one dealing with the passengers and the rest simply watching. Boarding process was utterly chaotic with 9 agents in attendance and none of them at all interested in answering the queries from the passengers or helping them. I had to inquire 3 times about priority boarding before I was offered a snippy response. In one of those instances the agent made eye-contact and then simply walked away from me completely ignoring my question. The gate assigned for the flight was woefully inadequate to handle a Transatlantic flight. 200+ passengers were processed through a check-in facility more suited for commuter planes. We were eventually bussed to the aircraft adding further delays to a flight that was already delayed by 90 minutes. Once onboard the aircraft showed its age with tired interior worn-out PODS inoperable washrooms and dull lighting. FA's were very attentive and the AVOD selection offered plenty of options. Two meals and frequent water-runs were offered throughout the 11-hour long flight. The meals were mediocre at best but drink selection was good. The only redeeming aspect of the journey was the amazing Business Lounge operated by Turkish Airlines. The flight arrived late but we were lucky to make our connection. Air Canada must take a serious look at their ground service arrangement in Istanbul as it really gets the passengers off to an unpleasant experience.,17,unknown,0.7147,-0.0047647058823529,0.7512,0.0085470588235294,0.7147,positive,vader_original_full,0.05,positive,negative,unknown,conflict
easyJet,Economy Class,3.0,yes,Luton to Split with easyJet. After the debacle of checking in the bags that made us have to run for the plane with only minutes to spare. On arriving in Split discovered our bags did not make it onto the plane. So now in 40 degrees of heat with no change of clothes!,4,unknown,-0.3595,-0.089875,-0.3595,-0.089875,-0.3595,negative,vader_original_full,0.05,positive,negative,unknown,conflict
Delta Air Lines,Economy Class,4.0,yes,"Myself, my wife, our son and his girlfriend went Las Vegas 9-19 returning 9/23. Flight out no problem. nice flight, luggage secure. Return flight however a different story. Both my luggage lock and my son's were missing upon our return to DTW. These were TSA approved locks so if TSA felt the need to search all they had to do was unlock the locks, inspect and return the locks. But no. There was no ""Notice of Inspection"" in the luggage which leads me to believes Delta employees breached our bags. Nothing was missing from either bag? The thought of employees indiscriminately rummaging through our belongings is upsetting to say the least. Also, I had some OTC cold medications (Dayquil / Nyquil liquid) wrapped in a plastic grocery bay with the lids securely tightened. When I opened my bag the Dayquil had leaked all out of the bottle. A little escaped the grocery bag but could have been a huge mess. I fly Delta every time I fly as I am a Sky miles member. This episode is causing me to rethink my loyalty to this airline. Don't bother contacting customer service either.",15,unknown,0.5422,0.05336,0.5422,0.05336,0.5422,positive,vader_original_full,0.05,positive,negative,unknown,conflict
American Airlines,First Class,2.0,yes,Los Angeles to Dallas Ft Worth. It is a real pity to watch one of the old mainline US carriers continue to fall to new lows. The aircraft broke down and needed to be replaced. The flight was the best part of 5 hours late. Inflight service and ground handling was ordinary. Once upon a time America lead the world with customer service. American Airlines staff seemed to be so demotivated that they really have little interest in their customers. The whole lack of a service culture seems to filter through the airline. They just don't care. This happens far too often and they risk long term customers like me moving their business elsewhere.,10,unknown,-0.0663,-0.0166599999999999,-0.0663,-0.0166599999999999,-0.0663,negative,vader_original_full,0.05,positive,negative,unknown,conflict
Etihad Airways,Business Class,4.0,yes,Madrid to Abu Dhabi. The cabin crew service was good and that is about the only positive for this 7 hour flight.  Extremely uncomfortable seats in this aging aircraft. If you recline you cant get get out as there is no space and these seats are not worth the ticket price. We had flown to Madrid on the Boeing 787 which definitely had better seats. The food selection looked good but the quality was lacking. The Chicken Biryani was over-spiced ginger chicken pieces on boiled yellow rice - nothing even close to what a biryani should be. My partner had the Pumpkin Pasta which turned out to be under cooked. The Passion Fruit meringue was on a stone hard base. A very disappointing experience. The toilets on the rear side of the cabin had this foul smell. In the B777 the Business Class experience is not worth the price you pay.,12,unknown,0.0469,0.031575,0.5749,0.06605,0.0469,neutral,vader_original_full,0.05,positive,negative,unknown,conflict
TAP Portugal,Business Class,3.0,yes,"A lot might be said about travelling during pandemic times. It is hard for passengers, and hard for crews, as well as airlines management. I would like to point out how disappointing was my first trip on the new A330Neo by TAP: Business class cabin is an extremely high density place, much more packed than on their A330-200. There are so many passengers and they are so close each other that is now a noisy place. As a consequence, seats are too narrow. And place for legs and feet were not sufficient for me. I could not move at all (seat 5A). Feeling of a magnetic resonance imaging bed. I started to feel bad. This is a typical profit targeting mistake. It is no use paying for a business class ticket, if you cannot breath. Worse: as (I suppose) a pandemic protection, business class toilet was for crew only. 34 business class pax had to share 2 toilets with 80 Economy Extra pax. I let you guess the result after a 9 hours flight, as crew never cleaned. Which is by the way, a bad decision in Covid times. My opinion is that TAP Portugal, for the first time, is offering such a downgraded product in Business Class that they will lose their most loyal ( 40 years) customers. Do not pay for it, even cheap.",17,unknown,-0.551,-0.0783294117647058,-0.3933,-0.0645764705882352,-0.551,negative,vader_original_full,0.05,positive,negative,unknown,conflict
Lufthansa,Economy Class,4.0,yes,LH575 from Cape Town to Munich on Monday 10th March. Disappointed with overall service provided compared to price paid. Poor inflight entertainment drinks offered were few and far between and meals average at best.,3,unknown,0.2023,0.0409,0.2023,0.0409,0.2023,positive,vader_original_full,0.05,positive,negative,unknown,conflict
Emirates,Business Class,2.0,yes,A recent trip to Europe with Qantas/Emirates involved three legs with Emirates and one (Dubai to Sydney) with Qantas. Two of the Emirates legs were OK but the leg from Barcelona to Dubai was not up to any realistic standard for economy let alone business class. The food was barely edible (my wife's was inedible) and the service was appalling. No tea or coffee offered after the meal and resentment shown when my wife asked for some. They basically left us alone except for serving the meal. three previous flights with Emirates have been much better. other aspects of the flight (on time check in etc were fine and the Dubai terminal is excellent). The Qantas link with Emirates also works well if flying into Europe without having to go through London. Saves a lot of time.,9,unknown,0.2063,0.0012777777777777,0.2263,-0.0053888888888888,0.2063,positive,vader_original_full,0.05,positive,negative,unknown,conflict
airBaltic,Economy Class,1.0,yes,I booked AirBaltic Flight to travel from Berlin to Riga and two hour before the departure they cancelled the flight. I had a very important appointment at the Embassy regarding my Visa renewal. Because of their Flight cancellation I missed my appointment and the next appointment which I got after 4 weeks. Because of their cancellation I have to reschedule and re-book whole travel and accommodation. When I claim for my compensation they’re not ready to pay,5,unknown,-0.4443,-0.09602,-0.4443,-0.09602,-0.4443,negative,vader_original_full,0.05,positive,negative,unknown,conflict
Allegiant Air,Economy Class,1.0,yes,"Flew Allegiant Air from Columbus to Fort Lauderdale. I fly with this airline almost every month, due to my mother living in Florida, and, of course, the cost is typically much cheaper than other airlines. I've never had any issues, until this particular trip, when I was charged $100 to bring my daughter and I's luggage onto the aircraft. Mind you, I have never been charged, ever. The lady which charged me, stated there was no one, other than herself, which could stand as a manager to speak with me instead. She was beyond rude when I informed her of my frustration. She stated she could do nothing for me, and proceeded to slam my card back down onto the counter, after charging me. Again, I have never had any issues previously to this trip, but, at this point, I'm set back because of the faculty.",8,unknown,-0.7144,-0.2023374999999999,-0.6656,-0.1895874999999999,-0.7144,negative,vader_original_full,0.05,positive,negative,unknown,conflict
Nepal Airlines,Economy Class,4.0,yes,"Nice and clean aircraft, staff were friendly. There was limited leg room between the seats.",2,unknown,0.7783,0.3004,0.5994,0.237,0.7783,positive,vader_original_full,0.05,positive,negative,unknown,conflict
Norwegian,Economy Class,2.0,yes,"Oslo to Bergen with Norwegian. Hand luggage was 1 kg too heavy. Had to check it in at the gate. The CAD laptop which is 4kg had to be carried in to the plane without protection. The flight was taking place in a storm, and somehow the company found it safer to have the laptop loose in the cabin than inside a suitcase.",5,unknown,0.5719,0.12438,0.5719,0.12438,0.5719,positive,vader_original_full,0.05,positive,negative,unknown,conflict
Thai AirAsia,Economy Class,4.0,yes,Bangkok to Cochin. Flight departed on time. It was a very normal flight. Every thing was in order though there was some nasty co passengers Nothing more or less. I love Air Asia for the very affordable rates by which you can travel plenty. Have one concern that I felt that the cabin was very hot. Might be because the flight was full but need to set little bit lower temperature in such cases.,7,unknown,-0.3008,-0.0366714285714285,-0.1469,-0.0194571428571428,-0.3008,negative,vader_original_full,0.05,positive,negative,unknown,conflict
easyJet,Economy Class,2.0,yes,"Bristol to Alicante. Return flight on the 1st July was cancelled due to French Air Traffic Controllers - not EasyJet problem , I accept that but here we are 23rd July and I am still awaiting the refund that is due. There is no way to contact EasyJet other than their chat line - I have tried regularly with expected wait times from 243 minutes to over 600 minutes. Come on EasyJet get your act together.",4,unknown,-0.2194,-0.0156749999999999,-0.2194,-0.0156749999999999,-0.2194,negative,vader_original_full,0.05,positive,negative,unknown,conflict
Norwegian,Economy Class,4.0,yes,Gatwick-Oslo-Tromso-Bodo-Trondheim-Bergen-Gatwick. Trip started with 50-minute delay not told why. Service good staff friendly. Transfer in Oslo was painless. Oslo-Tromso an exit so excellent leg room. Tromso-Bodo-Trondheim. Got to the airport very early and had a pleasant wait fairly uneventful flight. Trondheim-Bergen friendly check-in staff and stewardesses. Bergen-Gatwick a comfy flight although I only had British Pounds left so couldn't have a meal.,9,unknown,0.9534,0.2671111111111111,0.9351,0.2295666666666666,0.9534,positive,vader_original_full,0.05,positive,negative,unknown,conflict
British Airways,Economy Class,4.0,yes,"✅ , |  London Heathrow to Larnaca. I went into the British Airways app on my phone 20 seconds after online check-in opened, and totally disappointed to see only 4 seats available to choose from. This is the second time this has happened with British Airways in the last few months, who really should not be offering an online check-in service if you not given a reasonable choice of seat selection! I called them to enquire why they do this, to which the reply was that most seats are ""restricted"" on online check-in. They did sort the seat I wanted however as I'm flying with my Mother who obviously I want to be sat next to. Yet when I looked yesterday at the option of paying £15 for a seat reservation before online check-in opens, there was a good choice available. If British Airways really want to charge extra for choosing a seat, and make it almost impossible to have a seat choice for those not paying, then they should abolish the online check-in as it's clearly not providing the service it should do - Online check-in means being able to choose from several seats, not being unacceptably limited to 4 seat choices only, just 20 seconds after online check-in has opened!",6,unknown,0.3583,0.0247666666666666,0.3583,0.0247666666666666,0.3583,positive,vader_original_full,0.05,positive,negative,unknown,conflict
American Airlines,Economy Class,3.0,yes,"Not the best long-haul experience. My seat was changed while boarding to a row far away from my travel companion, no explanation or apology was provided. Gate staff at PHL are extremely rude, bordering on hostile, and are in need of serious customer service retraining. I do not appreciate PHL gate staff barking orders at passengers and not using the PA system prior to a 9 and a half hour long-haul flight. Upon boarding, a passenger opened a box of very smelly food and proceeded to eat it during push back - flight attendants did nothing to intervene. The quantity of diner food items was very stingy for such a long flight, and I would have been starving if I did not bring my own food. Flight attendant servicing my row was also stingy with the complimentary wine - would not offer a refill until dinner service was completed. The trip back to the US was a completely different and very positive experience.",8,unknown,-0.9283,-0.2385375,-0.913,-0.226225,-0.9283,negative,vader_original_full,0.05,positive,negative,unknown,conflict
Delta Air Lines,Business Class,4.0,yes,"I Flew KLM/DL from Munich to New Orleans, via Amsterdam on KL 1790, DL 73 & DL 2316 on August 3, 2021. I did not choose this route, Delta cancelled the direct flights after I hade made the booking. Ok, there is a lot of paperwork and checking necessary at this time. I arrived at the airport in the time specified, only to find very few agents manning the booths, there was a long line at the Sky Priority desk, I'm quite sure 99% were not Sky Priority. After about a 30 minute wait, the line had hardly moved. At this point, I decided to jump the queue, as I am a Sky Priority passenger and was served as next in line (I normally do not do this). The same thing happened at Schiphol - at one point, there was only one person checking the paperwork for a full flight to the US, I suppose 300/400 people. I got through this line a little quicker, as I had left the lounge a lot earlier than I would normally do. Airlines pride themselves on Customer Service, well Customer Service starts as soon as you enter the airport. I have flown a lot over the years, mainly on Delta and their partner airlines, so I know what service should look like. Cabin service was ok, not particularly good. I am 86 and my wife is 84 and we select our routes, carefully with plenty of layover time, so we can have hassle free experiences. The ground experience was not one of those trips. The outgoing legs worked just fine.",14,unknown,0.847,0.1001571428571428,0.8003,0.0837928571428571,0.847,positive,vader_original_full,0.05,positive,negative,unknown,conflict
Sky Express Airlines,Economy Class,3.0,yes,"As a low cost airline it is good. But it is unacceptable that sports equipment has limitations. For a snowboard equipment the board should be only 110 meters. The average height of the board is 140-150, can someone explain this logic to me? Especially when they have flights to winter locations and you want to go and do winter sports.",4,unknown,-0.4854,-0.083225,-0.1655,-0.020425,-0.4854,negative,vader_original_full,0.05,positive,negative,unknown,conflict
Pegasus Airlines,Economy Class,4.0,yes,"Pros- Low cost Airline. Normally hassle free. Cons - I had booked the flight from Munich to Dammam via Istanbul and had paid for the check in Baggage while booking the ticket online. I was told that the check in bag would be booked till Dammam. But strangely at the Istanbul Airport, I was asked to take the checked in bag as hand bag for which I had to pay extra for the Evisa to get inside Turkey to take the checked in bag. Despite several inquiries with the Airline staff, no real reason or explanation given for this inconvenience.",6,unknown,-0.6264,-0.0263499999999999,-0.6264,-0.0263499999999999,-0.6264,negative,vader_original_full,0.05,positive,negative,unknown,conflict
Norwegian,Economy Class,3.0,yes,"Copenhagen to Los Angeles. $45  meal ripoff: The 3-course meal consisted of salad (very small portion with olive oil for dressing), the main meal (I had the beef which was ok) plus a drink (had a beer), and for dessert a very small brownie which one was supposed to wash down with coffee. I was still hungry. The meal was given in a box that opens in two halves. Ihad TV dinners for $2.95 that filled me up more. There is a snack 1-2 hours before the end of the flight which was just a sandwich, a brownie and coffee (regular size). For $45 I expected more. But one more bad experience: they skipped over me while serving the lunch boxes. Since not every passenger ordered the meal online, they used a list printout with the seat nbr and name (I suppose), so an oversight by the flight attendant can happen and is forgivable. When I made the attendant aware of it, she demanded I show my boarding pass and putting the onus of proof on me as though I tried to cheat the airline out of a meal. That said, I would probably fly with them again, but bring my own sandwiches.",12,unknown,-0.8397,-0.07765,-0.6946,-0.0537749999999999,-0.8397,negative,vader_original_full,0.05,positive,negative,unknown,conflict
Lufthansa,Business Class,4.0,yes,LH 465 from Orlando to Frankfurt on Nov 9th 2014. Despite their marketing campaign on many Lufthansa flights to the US and elsewhere there are still the old business class seats installed. I was on the Orlando - Frankfurt flight. Those seats are not good. Hard not good for sleeping not 180 degree flat but an inclined S form. Other airlines offer a much better business class for less money and on my next US flight I will definitely choose another airline if I find out that the airplane has the old seats. Lufthansa tickets in business class are generally high priced. so I would expect 180 degree seats. Service staff though is very well trained professional and food quality is good.,9,unknown,0.9198,0.0844777777777777,0.955,0.1036555555555555,0.9198,positive,vader_original_full,0.05,positive,negative,unknown,conflict
Emirates,Economy Class,4.0,yes,"I flew Emirates from Karachi to Dubai and onto Frankfurt on 07 Feb 2016. Flight was at 5.30 in the morning and check in started at 3.00. Obviously passengers expected some breakfast after takeoff but when the breakfast arrived I did not see anyone eating it because what was served was stale.  I am surprised why even the airline bothers to serve any food on this sector if there is nobody to check on what is being served. For an  airline like Emirates I expect a better standard than other airlines. The connecting flight to Frankfurt was at 8.40 on the A380 and I was pleasantly surprised on the good service by the cabin crew, as well as good food.",9,unknown,0.9753,0.1759333333333333,0.9753,0.1759333333333333,0.9753,positive,vader_original_full,0.05,positive,negative,unknown,conflict
Cathay Pacific Airways,Business Class,2.0,yes,We decided to fly Cathay Pacific based on its excellent reputation. Boy was I off base. Worst service at check in that I have ever experienced. I arrived luckily 2 hours before my flight. Told at check in that my flight was cancelled and that we had 15 minutes to make the earlier flight. The kicker was US$400 in overweight charges for 2 suitcases. We were told that before we left that since we had flown business to Taipei that the charges would be minimal. Great surprise. Pay up or be stranded in Hong Kong. Manager of zero assistance despite showing JFK boarding passes. Customer service on return home of no help either.,11,unknown,-0.0665,-0.0272272727272727,-0.2401,-0.0451181818181818,-0.0665,negative,vader_original_full,0.05,positive,negative,unknown,conflict
Aeromexico,Economy Class,2.0,yes,"Aircraft on Montreal to Mexico City was new, very confortable and great individual entertainment unit. The return aircraft from Mexico to Montreal was very, very old , uncomfortable, noisy, etc. I could not sleep a minute and still got pain in my back several days later. I wouldn't expect Aeromexico to assign such an old aircraft to an overnight international flight. At Mexico City airport the check in line was really long, and there were only 3 counters working for checking in 2 flights - one to Montreal, one to Toronto. Almost 50 minutes waiting for check in.",6,unknown,0.0772,-0.0437666666666666,0.1531,-0.0358666666666666,0.0772,positive,vader_original_full,0.05,positive,negative,unknown,conflict
United Airlines,Economy Class,4.0,yes,"Our United Airlines flight was delayed several times before finally being canceled, then was hurried to another terminal were we felt like we were a bother to the people they told us just go online it will fix the problem but alot of us wanted to be reassured there would be a flight in the morning. Was given discount rate vouchers for hotels but considering it was already midnight most of us chose to stay in the terminal, the bathrooms were blocked off or locked most of the night. They never offered blankets or pillows, we were on our own. We were here for about 12 hours with everything shut down, nothing eat or drink until morning for most - unless it was from a vending machine or to go from terminal A over to terminal A which is on the other side of the airport. We all thought that maybe when we did get under way, we might have gotten something on the flight - but nothing was offered, and real disappointing.",5,unknown,-0.5789,-0.10932,-0.25,-0.05354,-0.5789,negative,vader_original_full,0.05,positive,negative,unknown,conflict
Frontier Airlines,Economy Class,1.0,yes,"I had a flight from Raleigh to Denver on the 22nd of November 2019 where I picked up my daughter for Thanksgiving. My return flight was the same day with Frontier. It had already been a long day so I decided to upgrade to better legroom for the return flight (exit row). Upon boarding the aircraft and sitting down, I was informed that my daughter who is 6 years old was too young to sit in the exit row. I was not made aware of this until we were on the plane and I had already upgraded. The steward said I would have to swap with someone so I swapped with the couple in front of me and I was told to contact customer service in order to have the fee I paid for the upgrade refunded since I didn’t get to sit in the seat. Several attempts were made to call customer service over the holidays. Each met with an hour wait so I didn’t bother. Fast forward to today, the 30th where I finally make it through after sitting on hold for an hour. The first representative was from India, could barely speak English and after giving me the round about for 30 minutes, proceeds to transfer my call to god knows where and hangs up on me. At this point I’m livid but I call again. The second representative, of course, from India and can barely speak English. After going back and forth again I’m directed to put in a request via the website. They can’t solve it over the phone due to there not being any “official documentation that I didn’t get to sit in my seat”. Long story short, I’m probably screwed out of the money I paid to upgrade my seat due to their complete and utter incompetence/lack of effective resolutions. They’re unorganised, terrible customer service, incredibly uncomfortable flights and by far the worst airline to deal with. Do not fly with them. The money you save is not worth the hassles you may deal with. God help you if you travel with them and you run into any delays/issues. They will not help you resolve them because they already have your money. 0/10 across the board.",21,unknown,-0.8496,0.0214380952380952,-0.8094,0.0223380952380952,-0.8496,negative,vader_original_full,0.05,positive,negative,unknown,conflict
Delta Air Lines,Economy Class,2.0,yes,"This is about staff at The Atlanta airport. terminal D, gate 38 at 9:30 am. There was a female Delta assistant sitting at the gate and answering questions for customers. Her attitude was one like the customers were bothering her and she didn’t want to put much effort into helping them or speaking up. She appeared annoyed with me and two customers before me. I then observed her looking at her cell phone and not long after, she departed the area. It is stressful enough for travelers during this time to have employees of a respected airlines not want to do the job they are paid to do, and to come off with an attitude of indifference. She’s only getting a 2 since she actually did tell me what I needed.",8,unknown,-0.2076,-0.0250499999999999,-0.2076,-0.0250499999999999,-0.2076,negative,vader_original_full,0.05,positive,negative,unknown,conflict
Air India,Economy Class,1.0,yes,"New York to Hyderabad via Delhi. The lack of customer caring and the rudeness was appalling. My last name changed when I got married therefore my new passport has my married name. For some reason they would not accept the passport and my marriage certificate as a proof of that. My Indian visa is on my maiden name. I tried to reason with them that the US government takes security seriously and that they issued my new passport, drivers license, social security card etc. only after verifying everything. The airline demanded that I produce a court document showing name change - I dont have a court document nor does any one that I know. That is not what we do in the US for marital name change. They refused to let me get on the airplane with this reason. I was literally travelling to India for two days to attend to a family emergency and I couldn't make it. The worst part is the way the Air India staff in JFK treated me. One would expect that they would try and help the passenger but the person incharge  was extremely rude and treated me like I was not human. I was literally in tears explaining to them that I have traveled like this before and no other airline objected. Like banging your head on a wall",15,unknown,-0.61,-0.1133733333333333,-0.4734,-0.09988,-0.61,negative,vader_original_full,0.05,positive,negative,unknown,conflict
Emirates,Economy Class,4.0,yes,Traveled SIN-DXB-BCN and MXP-DXB-SIN on Economy. On the flight outbound nothing special besides the connection in Dubai the filthy and overcrowded toilets in DXB which is still not up to the standard of Changi in Singapore or HKIA and the wifi that I could never get going (and I wasn't the only one). On the flight DXB-BCN on the 380 they ran out of cold beers and had to serve warm beers declined the suggestion and opted for red wine which was also warm so I just asked for a glass of water hoping this one would be fresh. There seemed to be friction between the FA's as I was waiting for the toilet one was scolding the other in front of the passengers didn't look very professional. On the way back from MXP we got a remote stand and were transferred by bus. Nowhere to sit people sitting on the floor toilets were filthy and overcrowded. Managed to get to my gate (after a long walk) and boarded the flight. Nothing special the meal trays seem a lot skinnier than you get on Singapore Airlines or Qatar. FA's doing their job and that's it nothing like Thai Singapore or Cathay they are young but not very service oriented. And last but not least they lost my bag. I am not happy with the whole experience it is value for money because it is cheaper than most airlines but don't expect a whole new dimension it is just an OK airline with good value for money and an average service an extremely good brand positioning and an overrated self-attributed reputation with below average delivery. Business Class doesn't look anything special narrow seats on the 777 and if you're on the middle section you will be seated 3 abreast.,12,unknown,0.9375,0.0838916666666666,0.6171,-0.0231999999999999,0.9375,positive,vader_original_full,0.05,positive,negative,unknown,conflict
PLAY,Economy Class,2.0,yes,"From Dublin the flight was very good, the crew since the check-in was kind and friendly. I could not make my check-in on line, and they were very helpful. However, in Keflavik the staff checking passports asked in very rude way that I must pay for my hand bag. I was very surprised because no one in Dublin asked me for it. How after one flight I should pay for that. Never happened to me even in Ryanair. It was shame, he was very rude. (22nd Dec Dublin - Iceland - New York)",8,unknown,0.6519,0.0369125,0.4459,0.0437124999999999,0.6519,positive,vader_original_full,0.05,positive,negative,unknown,conflict
SriLankan Airlines,Business Class,4.0,yes,SIN-CMB in Business Class. I take this flight as it leave/arrives at good times and avoids overnight flying. They recently changed from A330 to A320 and there is a big difference. A320 is cramped no leg rests (in row 1) little recline lack of overhead storage embarkation is a zoo! Meals are now on trays rather than the A330 trolley service. Crew seemed overworked. This compares to intra-European biz class or US domestic biz class on cheaper airlines. I would only recommend this service due to departure times.,7,unknown,0.1951,0.0161142857142857,-0.4241,-0.0378142857142857,0.1951,positive,vader_original_full,0.05,positive,negative,unknown,conflict
Batik Air,Economy Class,3.0,yes,"Jakarta to Singapore. While Batik Air is ontime and have comfortable seating with video on demand entertainment system, the staff on the ground seems to be quite careless when handling my luggage (see photo) as my luggage tag card and luggage shell is broken.",2,unknown,-0.0754,-0.0377,-0.024,-0.012,-0.0754,negative,vader_original_full,0.05,positive,negative,unknown,conflict
Virgin Australia,Economy Class,2.0,yes,"Appalling transparency in regards to cancellation policy. It states 'Choice' flight type can be cancelled for travel credit, but does not say anywhere on the page where you choose your flights that this travel credit only lasts 12 months, after which it is no longer valid and ends up as a 'donation' to Virgin Australia. After spending more than half an hour on the phone with a call centre agent, I'm directed to the 'Finalisation' page (right before making your payment) to the checklist of 10 things including Terms and Condition, and a few other links, where there is a specific link to ""Future Flight Credit"" highlighting that it only lasts 12 months. Then after further argument about this lack of transparency, the agent continues to respond like an automaton about being sorry that I did not read it, and whether I want to cancel the flight. After all that, she proceeds to cancel the flight. I find out then that the 12 months validity is from the time of cancellation (or issue of credits) rather than from the date of the flight (which is in advance of a month from today) and that I would have had an extra month of validity had I cancelled a day before or up to 2 hours before the flight. At this point I ask if I should just do that, to be told repeatedly that it is not possible as the cancellation has already been processed. At this point I lose my temper and ask to speak to her manager. I am now 45 minutes on the call. She puts me on hold for another 3 minutes. Then the same person comes back on the line to say she has spoken to her manager, and the cancellation has been voided, so I am now able to cancel closer to the date. If this was able to be the case, why was I screwed over in the first place and it refused until I lost my temper and asked to speak to the manager? This is an appalling booking and cancellation policy reliant on opacity rather than transparency, what a disgusting business model. Unfortunately it is one of 2 airlines available for this flight, so recommendation for choice of flight is less relevant, as the alternative is significantly more expensive.",13,unknown,-0.9885,-0.1982692307692307,-0.9885,-0.1982692307692307,-0.9885,negative,vader_original_full,0.05,positive,negative,unknown,conflict
Ryanair,Economy Class,2.0,yes,"Bergerac to Stansted. Just come off a particularly unpleasant Ryanair flight where for the entire 1 hour and 20 minutes my wife and I were subjected to an all pervading smell of vomit. When initially challenged the cabin crew claimed to know nothing about this although we were offered a move to the row of sets in front of us (which was empty despite an otherwise full flight) and from whence the smell seemed to be emanating. Interestingly when we raised the issue of the foul smell with a different member of crew, on leaving the plane we were told that we had been offered a move and that there was a limited amount they could do to clean up vomit so despite the initial denial of knowledge the crew were well aware of the unpleasant conditions in which we had been expected to travel. I am well aware that Ryanair is a budget airline and am generally happy to accept that but do think they need to adhere to basic levels of cleanliness and be honest with passengers which sadly wasn't the case today.",5,unknown,0.5273,0.04096,0.4684,0.00918,0.5273,positive,vader_original_full,0.05,positive,negative,unknown,conflict
Air Canada,Economy Class,4.0,yes,"Montreal to St. John's on Embraer 175. Check in was quick and hassle free. The agent was warm and polite and efficiently processed our check in. Used the domestic Maple Leaf Lounge which is in dire need of a facelift. Good food and beverage options but pizza was cold. On board the aircraft looked tired. My wife's IFE screen did not work as the tactile function had to be recalibrated. This resulted in no IFE for her for the entire flight. Similarly, my son's headphone jack was broken and my screen had multiple scratches all over it. The FA's bordered on surly and went about their duties as if they were doing us a favour. Toilet in the economy section was smelly and its appearance gave no confidence over its hygienic qualities. Flight departed and arrived on time and it will go down in my flight history as another basic, no frills and no customer focused Air Canada flight.",13,unknown,-0.938,-0.0774461538461538,-0.9096,-0.0507230769230769,-0.938,negative,vader_original_full,0.05,positive,negative,unknown,conflict
Malaysia Airlines,Business Class,2.0,yes,7 September. LHR-KUL-BKK on A380 and 737-800. Having flown on a Singapore Airlines A380 on several occasions I was keen to see whether the experience with Malaysia was comparable. I had managed to get a seat in the smaller front cabin. Check-in was efficient. The LHR lounge was pleasant with good service champagne on tap and a great view. Boarding was smooth with a priority line for business passengers. I was fortunate in having an empty seat next to me. The cabin crew were efficient and pleasant. I had pre-ordered my food with Chef-on-Call and the quality was excellent. There were however three problems. The A380 seat although flatbed was simply not comfortable - it seemed as it was raised in the middle slightly and it was not easy to sleep on. Secondly having reserved a seat at the front of business on the 737 I was moved to the back with no explanation given. And thirdly they failed to transfer my bag at KUL and it would be following on a later flight. I will need a lot of convincing to book with Malaysia Airways again.,15,unknown,0.9589,0.1221466666666666,0.972,0.1608866666666666,0.9589,positive,vader_original_full,0.05,positive,negative,unknown,conflict
AirAsia X,Economy Class,4.0,yes,"Been through flying AirAsia X more than 15 times and service can be inconstant.  On my recent flight from Auckland to Gold Coast, the flight was barely half full for the evening flight, so we departed early, After the seatbelt signs turn off the cabin staff did not appear until about an hour later starting the meal services. The pre-booked meal out of Auckland was overcooked, bland and small portion. They didn't give a set of plastic cutlery, instead only giving the spoon for the meal. When asking the knife and fork one of the FA reply that the meal only need spoon and we have deficient for the fork for this flight. A complimentary mineral water was not served until asking them. At Gold Coast we disembark with stairs and after the transit check we board again with new set of crew, for this 7hr 50 flight , a lovely Australian or New Zealand FA serving my row was most friendly that I have had encounter with - she kneeled down when interacting with every passenger.",7,unknown,0.9117,0.2267714285714286,0.8858,0.2152571428571428,0.9117,positive,vader_original_full,0.05,positive,negative,unknown,conflict
Jetblue Airways,First Class,1.0,yes,"New York JFK to Los Angeles, Whereas I've often seen that when a couple of family comes aboard separated they will sit together and when someone comes who has the seat they all work it out - with my volume of travel, and my teams', we're often those people who switch our seat, here's how JetBlue made this mess. There were no adjacent tickets available for purchase when we bought the tix so we ended up with two mint window seats and two aisle seats, each set on opposite sides of the aisle, my 11 year old son sat on his own but of course we couldn't leave my 7 year old little girl sitting alone by a window seat while my wife sat on the other side of the aisle without even full view of my daughter and have some stranger sit next to my little girl. So my wife sat next to my little girl until we could talk to the person in that seat - who we assumed would be reasonable like the rest of us. Then one of the gate staff came in and told my wife she had to move, leave my 7 year old little girl who still carries her pink blanket with her alone. I went up and told them there was no way we were leaving our little girl alone in that seat, wait for some stranger to sit there and hope the airline could work it out. The guy across the aisle was sweet amidst what was becoming a tense situation and offered to trade, which was great. I then went up to tell the pilot, stewardess and offending gate person that I was going to issue a formal complaint and rather than simply apologizing or even just saying something like ""I understand of course, go ahead"" he threatened to have our family wait for the next flight if I complained. I was speechless and since my wife and my daughter were now sitting together safely I let it go. Do they train these airline people on customer service and service recovery at all? Do you JetBlue?",9,unknown,-0.5365,-0.0411111111111111,-0.5365,-0.0411111111111111,-0.5365,negative,vader_original_full,0.05,positive,negative,unknown,conflict
Delta Air Lines,Premium Economy,1.0,yes,"Due to fly from London to LaGuardia via Boston then return from Las Vegas to London with Virgin from June 5 to June 20, checked Delta App as they removed LHR BOS flight from the booking, but all remaining legs still in and then yesterday the booking was deleted - no email, no message via the app, nothing. Have called Delta and they cant 'find' my booking that I made! back in January. I have the confirmation email, e-ticket, but they say that there is nothing that they can currently do as the booking doesn't exist. Would have changed the flights to the same time next year as due to the current situation we aren't going anywhere soon from the UK, and got a good deal in January on Premium seats. Frontier Airlines on the other hand refunded very quickly - not impressed with Delta's way of handling this, as they have always been a great airline in our opinion.",5,unknown,0.9061,0.20312,0.9061,0.20312,0.9061,positive,vader_original_full,0.05,positive,negative,unknown,conflict
Scoot,Economy Class,4.0,yes,"We just got back from 4 weeks away in Asia. We took Scoot to Singapore for around $AUD200 (each) including 15kg each and a meal. There is nothing flash about this airline but the room between rows was acceptable! The staff were efficient and the food was OK. We bought ""FlyBagEat"" however you have to add on the cost of a seat to this fare how are you going to fly without a seat? The ""convenience fee"" of a $10 was added (apparently for credit card)! All in all we had no complaints about the trip over. We also booked a trip back but as this leaves at 2.10am we decided to buy a super seat for about an extra $40 each. This turned out to be worth every cent - we booked a seat in aisle 21 just behind business class and had the bulkhead in front. My husband could stretch his legs and we didn't have anyone in front so didn't have to worry about anyone wanting to recline their seat. On the way back we arrived at 5pm at Changi with luggage for a flight leaving at 2am. It cost us $5 each for the early check-in and you have to pay in cash. One good value deal was access to the SATS lounge for $S39 each. This allows you to use the lounge for 4 hours (consecutive use). This was a wonderful oasis for us. Also you get priority boarding which is a real asset at 2am in the morning! I thought the breakfast was revolting (fried mushrooms a sausage of sorts a triangle of some egg dish (omelette perhaps) and a soggy hash brown. You have to remember these dishes have been kept warm for the last 6 hours or so. One redeeming feature was some fresh fruit and a drink of orange juice. We would definitely fly Scoot again especially now we know some of the lurks!",17,unknown,0.9932,0.2969470588235294,0.9917,0.2723,0.9932,positive,vader_original_full,0.05,positive,negative,unknown,conflict
Southwest Airlines,Economy Class,1.0,yes,"Southwest lost my bag. I am not upset they lost my bag - as stuff happens. I am upset with the follow up and follow thru of Southwest staff to return my bag to me. And how the Southwest agent misinformed me on the policy for purchases and reimbursement. Your agent told me “get whatever you need and we will be able to cut a check for you for pickup, after receipts are provided.” Yep - that is not the Southwest protocol. I asked manager at the DesMoines terminal to train and educate her staff so other passengers aren’t misinformed down the line. She did not respond. We traveled to Iowa for a wedding, my bag had my clothes as well as clothes for my 2 year old daughters (who was a flower girl in the wedding). Upon arrival with no bag, the nice gal at the Southwest counter said it will be here late tonight, and to call before coming in case the flight was delayed. I called at 4am the following morning (as that’s when she said was the next opening of the office) and my bag hadn’t moved from my original departure location. I called 4 more times that day, to be told different stories each time about how they would get my back to DesMoines, or that is was just sitting and they couldn’t tell what was going on until the bag was scanned in again. It almost seemed like once the bag is lost, there isn’t really a person who ensures it gets back on a flight to the final destination. The agents could only tell me where it was sitting. No bag delivered Saturday night. Bag finally delivered Sunday morning. Upon arrival, the nice gal at the counter gave me my bag and told my to come by after 1pm and they will have a check ready. She even scanned in my receipts. Came by after 1pm and she explained to me that I had to email the Southwest Manager at the DesMoines airport for details on how to submit the claim.  I just spend the better part of $800 and now you explain to me that I have to submit a claim and wait 30-45 days. I would not be upset if she informed me of the correct process on the front end. All I ask for is better training. Southwest - you can do it!",23,unknown,0.8198,0.0462478260869565,0.8148,0.0451391304347826,0.8198,positive,vader_original_full,0.05,positive,negative,unknown,conflict
Virgin Atlantic,Premium Economy,4.0,yes,"Manchester to Orlando with Virgin Atlantic. Upgraded from our usual choice of Economy Plus to Premium Economy for the extra leg room and seat width. Bulkhead seats 12A/C with very little extra width due to in-armrest tables and TVs in poor condition, ended up with back pain after sitting twisted for almost 9Hrs. No WiFi or snack bar as advertised on the Virgin web site. Luckily we didn't pay too much extra for Premium Economy, I certainly wouldn't pay the usual prices, next trip we're going back to economy plus, some extra leg room and the seat armrests fold up so just as much seat width.",5,unknown,-0.2569,-0.06084,-0.2569,-0.06084,-0.2569,negative,vader_original_full,0.05,positive,negative,unknown,conflict
Air India,Economy Class,4.0,yes,Flight was half empty. Crew were cordial and food was served immediately. The light-changing windows were slightly annoying. Prefer Jet for short-haul and domestic routes.,4,unknown,-0.4951,-0.13595,-0.3626,-0.095475,-0.4951,negative,vader_original_full,0.05,positive,negative,unknown,conflict
Malindo Air,Economy Class,2.0,yes,"Denpasar to Mumbai via Kuala Lumpur. The worst experience ever. The food and service were not good, quality of food was below average. There was no inflight entertainment, how could you spend the time of 5 hours? I asked for blanket to crew and they said there was no blanket. I think it was due to cheap air ticket, but it is not fair to adjust it with cuts of such facilities. It was a really horrible experience.",6,unknown,-0.9481,-0.4811499999999999,-0.9481,-0.4811499999999999,-0.9481,negative,vader_original_full,0.05,positive,negative,unknown,conflict
easyJet,Economy Class,3.0,yes,I usually love easyJet but every time flying from Berlin to Gatwick is a nightmare. They are checking in 4 flights and have 1 check in desk open. It's ridiculous and the worst service ever! The average waiting time is over 1 hour and the same for security. Once you are onboard the service is great.,4,unknown,0.4102,0.084275,0.4102,0.084275,0.4102,positive,vader_original_full,0.05,positive,negative,unknown,conflict
Cubana Airlines,Economy Class,1.0,yes,"Toronto to Santiago de Cuba, Jan 25th 2018 Flight 191 - departure scheduled for 12:55 - actual lift off from runway at 4am Jan 26 - apparently technical/mechanical difficulties with the aircraft that arrived, on time, to fly us there plane eventually towed away for repairs and etc - passengers were at least issued lunch and dinner vouchers for $20 each. But the duration of the delay was severe - by the time we got to SCU, disembarked from the aircraft and got out to the luggage carousel, a number of passengers then discovered that their luggage had not arrived with the flight - details were recorded, by hand, at the airport lost & found, for each passenger but no claim forms issued, no receipts provided, no information or other assistance of any use provided just a lot of throwing up of the arms into the air. Passengers on this flight lost a full day of their vacation as well as a hotel room night, both of which they'd already paid for and did not receive. Trying to get meaningful information on the whereabouts of the missing luggage and when it would be delivered to us at our hotel was met with mostly uninformative dismissiveness - complaints have been lodged with the tour operator and the airline. Tour operator and airline should be providing complainants with better levels of compensation than just meal vouchers after all that we have been through. On this episode, you get a 1 - will still be using the tour operator and the airline but come on people!",6,unknown,-0.9365,-0.2376833333333333,-0.9365,-0.2376833333333333,-0.9365,negative,vader_original_full,0.05,positive,negative,unknown,conflict
Philippine Airlines,Economy Class,2.0,yes,I will start this review by saying I flew several days on a rival airline internationally. That airline was very good. However we had delays in the USA. Weather staff shortages So my arrival to Manila was delayed During the trip my foot stole so Could not walk. I was in severe pain. It is called a gout attack. I missed my connection flight so I went to ticketing office. In the ticketing office the woman handling my concerns was very kind and understanding. Though they charged extra money and I lost things they were upgraded like meals and seats she was very understanding. The security professional and spoke kindly. Seeing I could no longer walk. They asked if I would wait my 6 hour in the office. The both represented everything right about PAL. The next security personnel came. The first told him I could not walk and I would staying there until just before my flight. He left 1 hour later. The second security officer represented everything bad. As soon as the first left he arrogantly told me to leave. Take my luggage and go. When my time came to 250 feet to the main gate I struggled in pain. The gate security officials 2 woman and a man immediately asked for wheel chair assistance. They were outstanding. Every other person was kind. They made sure that the rest of my flight was outstanding.  The flight crew were warm and kind.,25,unknown,0.882,0.0495879999999999,0.8887,0.0474039999999999,0.882,positive,vader_original_full,0.05,positive,negative,unknown,conflict
TAP Portugal,Economy Class,3.0,yes,"Flight was delayed about two hours. Aircraft was modern but seat space is lower than Ryanair, really cramped. Crew was professional. Water in cups was served for free if you asked. Hot Ham and cheese sandwich was 4,50 € even cheaper as pointed on menu. Tap allows 10 KG as a carry on and only 2KG personal item as a small backpack. This is really rare. Sometimes they might check. However not on my flight. For the price it was okay.",10,unknown,0.5499,0.00891,0.7236,0.03041,0.5499,positive,vader_original_full,0.05,positive,negative,unknown,conflict
Virgin Atlantic,Premium Economy,3.0,yes,LHR to Shanghai. The standard of Premium Economy was ok the food was not of a good standard (beef like rubber). Crew friendly half Chinese half English. The film selection very poor whoever selects them has not got a clue go and research Singapore Airlines! The equipment was so old fashioned.,4,unknown,0.3384,0.0602749999999999,-0.1004,-0.0007,0.3384,positive,vader_original_full,0.05,positive,negative,unknown,conflict
PLAY,Economy Class,2.0,yes,"The check in terminal shown on the website was wrong and in a large airport such as CDG, this took us extra 20 minutes to get to the correct terminal, almost making us miss our flight. Very frustrating experience.",2,unknown,-0.767,-0.5126,-0.6936,-0.4246,-0.767,negative,vader_original_full,0.05,positive,negative,unknown,conflict
United Airlines,Economy Class,4.0,yes,"Chicago to Tokyo Narita. The food was absolutely disgusting the eggs and potatoes were the grossest thing I've ever eaten, then they gave us this so called snack, two buns with a thin slice of meat in it. The seats were so small, besides the nasty disgusting food and tight seats, the flight was on time and smooth. I travel this route four times a years and finally got a chance to complain",4,unknown,-0.9359,-0.4241,-0.9061,-0.37955,-0.9359,negative,vader_original_full,0.05,positive,negative,unknown,conflict
SpiceJet,Economy Class,1.0,yes,"Calicut to Bangalore. Me and wife got the last row seats. But the atmosphere was terrible - the smell from toilet made the journey disastrous. We felt like as if we are travelling in Indian railway compartment. Even though after complaining, the cabin crew did try with air freshener and all, that was not enough to stop the smell.",5,unknown,-0.7974,-0.1009199999999999,-0.7974,-0.1009199999999999,-0.7974,negative,vader_original_full,0.05,positive,negative,unknown,conflict
Turkish Airlines,Business Class,4.0,yes,BRU-IST-BRU C cabin - check in is unfortunately a mess no priority check in respected staff not interested don't give a damn attitude. Done by Avia Partner. Had to ask twice for a fast track card for arrivals in IST check in staff did not even know they existed. and they have 4 flights to IST daily. Lounge is always full and dirty and am afraid boarding is always a mess even you are flying c class. From wait in lounge to designated gate to last call all of this in less than 10 minutes simply ridiculous. Experienced this many time. Once on board all is different - friendly yet professionals staff with lack of language skills but ok on security and service. Some try to go the extra mile. Only option to IST direct. They need to improve ground staff and boarding skills and attitudes otherwise I would perhaps recommend. IST lounge on Sunday 27/07/14 announcement from no info to go to gate to last call gate closed 15 mins. Too many flights too little doors even if they are remote they have lost it - they need a third airport. However IST lounge is the best in Europe perhaps only competing with BA in T5 in Heathrow.,14,unknown,0.8765,-0.0035999999999999,0.872,0.0011214285714285,0.8765,positive,vader_original_full,0.05,positive,negative,unknown,conflict
airBaltic,Economy Class,4.0,yes,LGW-RIX-LGW. Outbound leg was 2 hrs delayed the reason was not explained. Cabin attendants were obviously tired and unfriendly they ignored me when I wanted to buy a snack!,3,unknown,-0.8356,-0.3388,-0.8172,-0.3358,-0.8356,negative,vader_original_full,0.05,positive,negative,unknown,conflict
British Airways,Business Class,4.0,yes,Travelled to and from India recently in Club World. Outbound to Hyderabad and return from Mumbai. Outbound we had the 787 which is a nice plane to travel on when in Club World. It was definitely helped by the fact that the cabin was only 40% full. I was surprised that they had only loaded one of the cold options as a main meal. Not what you would expect from a full service airline. On the return from Mumbai flew on a 777 which is showing its age. The crew were very distant and far from warm. The hot dish for breakfast (a frittata) was tasteless and given that this was the main meal for the flight (due to time of departure) was disappointing. I agree with previous reports that the more experienced crew are more distant and lacking in customer service when compared with the newer crew. Based on my flying experience over the past few years I would prefer to fly with the mixed fleet crew. They are definitely more approachable. Overall flights were fine and on time. The above demonstrates failures in service levels which once again confirms that all of the 'enhancements' being introduced by BA are going in one direction the wrong one!,14,unknown,0.6476,0.0712499999999999,0.7574,0.0886714285714285,0.6476,positive,vader_original_full,0.05,positive,negative,unknown,conflict
Olympic Air,Economy Class,4.0,yes,ATH-SOF on Q400 (noisy plane). During the 1 hour 5 min flight they offered sandwich refreshments or wine and coffee / tea with a croissant. Food was very bad and tasteless. Staff was professionals and friendly. Flight was on time. Appearance of plane was clean.,6,unknown,0.1045,0.0221666666666666,-0.4201,-0.0558166666666666,0.1045,positive,vader_original_full,0.05,positive,negative,unknown,conflict
Vietnam Airlines,Economy Class,2.0,yes,"We travel first from Sydney to Hanoi and some domestic trips very excellent. However from Ho Chi Minh to Sydney a different story. First the Aircond was not working well very hot, in the bathroom it was cooler. My entertainment screen was not working . I was told they re boot it that did not happen. I was told they shift us, then the Cabin Manager said the flight was full. They did give me a mini laptop but that didn’t work as well. So I gave up. You couldn’t sleep on the plane due to the heat. The food was horrible too. I am surprised they didn’t give passengers the toothpaste set like they did on the plane going over. Before we landed the Cabin Manager said we do better next time. Which didn’t help us at all on this flight. I put it down as the Cabin Manager was very young, and had no much experience Customer Service. This is not the standard of Vietnam Airlines very poor.",15,unknown,0.5574,0.08162,0.5789,0.0840399999999999,0.5574,positive,vader_original_full,0.05,positive,negative,unknown,conflict
Air France,Business Class,4.0,yes,"Paris CDG to New York JFK. Never ever I will choose Air France's A380 unless they change their business class seats. The seats on A380 can not change to a 180 degree flat bed. It has a very weird angle. I don't know how to describe it, but it is very hard to sleep. You will feel yourself slowly sliding down. Did not like it at all. Next time I will choose their B777-300 for the trip. They updated business class seats on that plane. Service are fine, but I didn't feel like sitting in business class. Maybe too many people on A380, the service quality is lower than other plane. I flew B777-300 to Paris, I felt good about the service and plane, but not with the A380. Food for Air France is very good. That's the some good credit for them.",14,unknown,0.837,0.0008428571428571,0.837,0.0008428571428571,0.837,positive,vader_original_full,0.05,positive,negative,unknown,conflict
Qantas Airways,Economy Class,4.0,yes,I flew with Qantas recently on the Sydney - Queenstown and the Christchurch - Sydney legs with a couple of infants. Though I had pre-ordered the food online 72 hours before the plane departure from my frequent flier account the staff on the plane didn't have the update and hence my children were served the normal food. During the return leg I had chosen the seats at the front-end of the aircraft and yet they put me at the back-end of the aircraft which was a bit disappointing. The lounge facilities (Gold member) at the Sydney airport were excellent whilst the lounge facilities in Christchurch could be improved a bit especially for the kids.,4,unknown,0.5574,0.0711,0.7269,0.1366,0.5574,positive,vader_original_full,0.05,positive,negative,unknown,conflict
British Airways,Business Class,4.0,yes,Montreal - LHR. I love BA but sometimes they have an off-day and this was one of them. Crew not ready when passengers boarding - some still eating their crew food. Pre-flight everything seemed rushed with no newspapers or amenity kits offered. Flight itself was fine and food very good. Landing at LHR we were parked remotely. My husband had requested assistance and we were told to wait until all the other passengers had disembarked (which took 20 minutes) only to have to join a bus with no help at all. Needless to say no one on hand inside T5 and only by flagging down a passing buggy did we manage to get to Border Control. Just not great.,9,unknown,0.1522,0.0163555555555555,0.1522,0.0163555555555555,0.1522,positive,vader_original_full,0.05,positive,negative,unknown,conflict
Delta Air Lines,First Class,3.0,yes,"BHM-ATL was okay, short (25 mins) but had welcome drink and time for one in the air. Fairly tight connection in ATL, so I was last to board first class cabin. I could see all other passengers had welcome drinks, but no-one offered me one. When I asked I was told I was too late!  Things got worse from there. When asked what I wanted to eat the choice was steak or lasagne. I asked what came with the steak and was asked what I meant. I said I meant what comes with the steak? Not a difficult question I thought. So the FA goes back to the galley (I could see it all happen from my seat), opens a foil tray and comes back to my seat with one word - carrots! Talk about taking care of the customers. Eventually when my food arrived, sauce had been spilled all over and somehow under the tray. Not sure if this was intentional or not, but needless to say I didn't eat it! I've seen this kind of behavior before when FA's seem to vent on a customer for unknown reasons - I guess I drew the short straw on this flight. Generally I find Delta an pretty good airline, but this was not their best moment.",11,unknown,0.936,0.059,0.936,0.059,0.936,positive,vader_original_full,0.05,positive,negative,unknown,conflict
Southwest Airlines,Economy Class,4.0,yes,Really disappointed in the service I received. I have TSA precheck but it notoriously does not show up on my boarding pass when I check in through the app. I saw an attendant when I arrived at the airport and was told there was nothing they could do to make the TSA precheck show up on my boarding pass. I’ve been flying for 2 years with TSA precheck and have never had this issue with any other airline. Very frustrating for a frequent flyer.,5,unknown,-0.7569,-0.20366,-0.6293,-0.16846,-0.7569,negative,vader_original_full,0.05,positive,negative,unknown,conflict
Air Transat,Business Class,2.0,yes,"✅ , |  Flew Vancouver to Glasgow via Toronto with Air Transat. Club class this is not. Booked return flight in Club but on return journey from Vancouver to Toronto there was no Club section or individual entertainment. The seats were standard seats therefore when the passenger in row 1 put her seat back I was cramped. There was 1 screen for all to watch a movie, I felt I had gone back in time some 20 years. Obviously I raised this matter with the crew at the time and complained to the 'airline' upon my return but their response was that Internal flights do not have Club they just use economy seats, using 2 of the 3 seats available, for more comfort. This is totally out of order and should have been mentioned on their website as they are selling seats at premium prices, advertised as Club, which are not. How they have got away with it I do not know. This is the first time I have used this airline and rest assured it will be the last. I thought as the flight was direct from Glasgow it would save me going via London. I shall stick with BA, more of an airline and less of a budget airline with old fleet.",11,unknown,0.8682,0.1383818181818182,0.8062,0.1156545454545454,0.8682,positive,vader_original_full,0.05,positive,negative,unknown,conflict
Air India,Economy Class,3.0,yes,"New York to Delhi with Air India, and the only thing I loved about this flight was the food. It was the best Indian airplane food i have had in a long time. Other than that the service was horrible, the bathrooms were dirty and the attendants were rude compared to other flights. If we asked them for water or a beverage or snacks they would behave in an unsual way. I wouldn't recommend this flight.",5,unknown,-0.3421,0.0210599999999999,0.1255,0.0405799999999999,-0.3421,negative,vader_original_full,0.05,positive,negative,unknown,conflict
Norwegian,Economy Class,4.0,yes,"Boston to Oslo, returning to New York JFK from Vilnius via Oslo.  Fares for our return trip were much higher in USD than EUR or NOK, even with exchange rates and transaction fees considered. We paid 100USD less just by navigating their website in Norwegian (language) and paying in NOK. BOS to OSL: Check-in was smooth. Boarding was chaotic. Several lines formed from every direction at the gate and people needed to zipper in from each. The flight was fine. The large windows on the 787 are great. Food was nothing special and portions were small, relative to what other airlines offer. In-flight entertainment was good, but I feel like there could have been a bigger selection. It was odd some of the TV shows they offered only had 1 or 2 episodes. VNO to OSL: A long line had formed prior to check-in. 3 agents opened their kiosks with probably 50 people waiting. They opened check-in at the stated time, so not necessarily their fault. Boarding was more organized here. This was on a smaller jet, and offered WiFi, but had no IFE. The wifi was great and the flight passed quickly. OSL to JFK:  there are not many options past passport control in terms of food or shopping. Other passengers trickled in. We arrived at our gate a few hours early. The gate area was full, with people standing, when we were all informed that we needed to exit for a security sweep. This led to several lines forming outside of the gate where our passes were reviewed and people were randomly selected for security searches. Also at the gate, an Agent for Norwegian was forcing people with over-sized carry on to pay for it as baggage and gate check it. This happened to at least 10 people. Most of these bags had the approved carry on stickers (noticeably yellow with the Norwegian logo) and many of them argued that there were no issues on previous Norwegian flights. IFE was the same from our outbound flight, and the food wasn't any better. I would still recommend Norwegian, with disclaimers about their poor customer service and execution in certain areas, only because their routes+prices are highly favorable.",27,unknown,0.9496,0.0584962962962963,0.9454,0.0662296296296296,0.9496,positive,vader_original_full,0.05,positive,negative,unknown,conflict
Vietnam Airlines,Business Class,4.0,yes,"Sydney to London via Ho Chi Minh City. I've flown business class on Vietnam Airlines a number of times (6 trips in 12 months) and until they sort out staff training and airport facilities - and the stopover provisions when flying from London they will never be a credible option for business class travel. There is always a massive time deferential in the flights that stop at Ho Chi Minh - sometimes 12 or more hours wait for the continuing flight - yet the lounge at the international airport, now operated by Sasco, is uncomfortable, makeshift and cheap. A free transfer to a hotel is only provided one way from London, and not at all if you book directly with Vietnam, yet if you book via a travel agent in Sydney it's both ways. If you try and arrange a hotel through them it is insanely difficult, yet book from Germany and you can cheaply add a stopover to your flight. Some standardisation is required. Staff at check-in at Sydney airport are pretty good although for some reason assumed we were flying other than business - in the sky priority queue - and directed us to a woman who didn't have any of the bits and pieces required to check-in business passengers. Not a problem, expect that they made it seem as if we'd gone to the wrong counter. No apology. Attempted to use priority lane at SGN only to be told by clueless passport control that I had to be flying Vietnam Business. No apology when I pointed to the ticket in his hand and said I was. Sure customs aren't the airline - but this airline is state-owned. The female staff were rude when I attempted to enter the lounge using my Platinum lotus miles card - my fault as I assumed once you reached platinum you could use the lounge no matter what - however I did have business class tickets with Vietnam. Platinum status means nothing to them here. The ground staff service really drags Vietnam down. The staff passed to tickets to a male colleague who wrote down our names - which has never been done before and was not done to other passengers. No response when I asked what they were doing. Overall it's worth flying businesss with Vietnam if you want a lie-flat bed, but don't expect much more.",18,unknown,-0.7811,-0.0365944444444444,-0.6181,-0.0240222222222222,-0.7811,negative,vader_original_full,0.05,positive,negative,unknown,conflict
Delta Air Lines,Economy Class,4.0,yes,"I missed my connector flight traveling from Savannah, Ga to Atlanta. The plane landed at 10:30 and we could not get off the plane due to ramp not being accessible. I was traveling for a funeral, that I missed because of this inconvenience. I would like to be compensated for being inconvenienced.",4,unknown,-0.7411,-0.1745,-0.7411,-0.1745,-0.7411,negative,vader_original_full,0.05,positive,negative,unknown,conflict
Kenya Airways,Economy Class,4.0,yes,I travelled to Uganda via Nairobi (Kenya) last month. The plane rides differ massively in quality. The flight to Kenya left on time but I feel it was let down by many things: 1) The plane being very old. 2) A lot of the TV's don't work mine did but the film like many other people said stopped working near the end. 3) The food quality was really bad. I however then had a flight from Nairobi to Uganda and this was really good the plane was very new and had working TV's with pretty new films (it was only 1 hour flight). Another thing was we got served food and drinks. This was far better than the flight from London.,8,unknown,0.8462,0.1039875,0.8462,0.1039875,0.8462,positive,vader_original_full,0.05,positive,negative,unknown,conflict
Qatar Airways,Business Class,4.0,yes,"I know Qatar Airways well after flying them for a couple of years and maintaining my Platinum frequent flyer status. I noticed some decline in the standard of their business class product over the last year or so. Qatars big strength was always its consistency of their business class. That is not the case anymore. The flight from Stockholm to Doha was top notch service wise, but the flight to Singapore was a different matter. The Qsuite was great as always, but service wasn’t. The Purser in charge never introduced herself or said goodbye, nothing. The lady in charge of my section was obviously hating her job. No smile, very slow and chaotic service, wine was served after the main course. My seat could not move 2h before arrival and I had to sit on the bed for breakfast. When the plane started to descend, I was still sitting and my third reminder to look at the seat was ignored by her. I asked someone else and within 5 minutes I was given another seat for landing. Overall a rather disappointing flight, I hope my return next week will be better.",13,unknown,-0.1181,0.0304153846153846,0.3268,0.0461153846153846,-0.1181,negative,vader_original_full,0.05,positive,negative,unknown,conflict
Hawaiian Airlines,Economy Class,4.0,yes,"Flew on Hawaiian Airlines flight HA137 from Kona to Honolulu. This airline uses the old B717 for all inter-island flights. Only water is served and the crews were very cold towards passengers. The announcement was unclear on this old aircraft. It's not an enjoyable experience but I would not say I don't recommend HA for this route, because the only airlines operate this route are HA and Island Air which are around the same standard.",5,unknown,-0.4653,-0.12374,-0.5142,-0.1351399999999999,-0.4653,negative,vader_original_full,0.05,positive,negative,unknown,conflict
Qatar Airways,Economy Class,3.0,yes,"Miami to Male via Doha. The flight to Male was nice and we received good service. However, on our return flight from Doha to Miami we paid a little extra to chose our seats and ended up sitting next to a man who was more than 2 meters tall in a group of three seats. My wife ended up moving to a row of 4 seats with only one other passenger. My wife hit the flight attendant call button twice and was never checked on. We were only offered water twice outside of meals despite constant video reminders to ""Stay hydrated."" We ended up loitering in the galley chugging fluids, mostly water. At Doha before entering the gate, there was an additional security checkpoint where we were forced to dump two liters of water and there were no fountains or water refill stations before boarding.",8,unknown,0.0772,0.0038875,0.0772,0.0038875,0.0772,positive,vader_original_full,0.05,positive,negative,unknown,conflict
Hawaiian Airlines,Economy Class,4.0,yes,SYD-HNL in April. Pretty ordinary service sarcastic staff member and were inattentive. When we needed extra blankets for all of us 2 adults and a child the crew member said they never have enough blankets and I had to go and find someone. He was uninterested and wasn't going to even look for one. My husband found a couple as the cabin was absolutely freezing. The flight was not full so having extra seats were good but the food was really ordinary too. One meal was OK but not great. Movies at a cost. We paid a good price for the ticket so was very disappointing.,9,unknown,-0.1588,-0.0440333333333333,-0.0013,-0.0354777777777777,-0.1588,negative,vader_original_full,0.05,positive,negative,unknown,conflict
Lufthansa,Economy Class,4.0,yes,I have flown Lufthansa before and had the best of everything. I picked Lufthansa because of prior satisfaction. If this would have been my first flight with Lufthansa I would have chosen a less expensive more direct flight. I guess everyone has an off day let's hope the flight home will the Lufthansa I love. The crew was as great and professional as ever.,5,unknown,0.9601,0.49972,0.9694,0.53402,0.9601,positive,vader_original_full,0.05,positive,negative,unknown,conflict
Air France,Premium Economy,4.0,yes,August 21st Paris to Minnesota aboard AF 340-300. Flight delayed an hour because of a problem with the air- conditioning. Once again we enjoyed the larger seat and extra leg room. I especially like the option which allowed me to raise the seat front to support my calves. When dinner was served; my choice of chicken was quite good while my husbands choice of risotto was not good at all. Flight departed at 1.50 pm the lights were dimmed after dinner to enable passengers to get some rest. Attendants came through 3 or 4 times offering snacks and ice cream as well as additional drinks. The entertainment options were exactly the same offered on our previous flight. Once again we did not need the blankets so we sat on them which compensated for the hardness of the seats. My only complaint is the handling of our luggage. One of the advertised benefits of booking and paying for premium economy is to have your bags tagged priority’ which is supposed to insure prompt delivering upon arrival. As I stated our flight was an hour late departing therefore we only had 45 minutes to make our connection in Minnesota. We were traveling with friends who did not opt for premium economy. We both checked in at the same time. Upon arriving in Minnesota our bags which were tagged priority were definitely not delivered in a timely manner. In fact many non priority bags arrived long before ours; including those belonging to our friends to flew economy. As a result we barely made our connection (2 minutes) our bags did not.,18,unknown,0.96,0.1657555555555555,0.9594,0.16495,0.96,positive,vader_original_full,0.05,positive,negative,unknown,conflict
Aeromexico,Economy Class,1.0,yes,"Aeromexico has recently restarted its flights to Toronto, I had a nice experience flying with them that started with a half price sale ticket. I thought that having bought my ticket so cheaply and being in the lowest cabin class, the flying experience would not be very good, but I was surprised by the kind attention of the stewardesses and also by a tasty breakfast in the morning. Only flaws in the flight was that the flight arrived half an hour late, maybe due to turbulance, the seats are a bit uncomfortable and the audio did not work, but as it is a 5 hours night flight only, that did not bother me much.",3,unknown,0.5412,0.4218333333333333,0.3166,0.3295666666666666,0.5412,positive,vader_original_full,0.05,positive,negative,unknown,conflict
TAP Portugal,Business Class,4.0,yes,"We actually flew from New York (JFK) to Lisbon to Rome, then Florence, it to Lisbon to Chicago O'Hare, US. Our original light was from Chicago to Lisbon but TAP canceled that so we rebooked departing from JFK. All legs were supposed to be their version of First Class. When we get to JFK and board they stuck us in Economy along with sticking us in economy from Lisbon to Rome. Not sure why because our tickets indicated Premium Seats. So we got screwed on those two legs. Customer service was garbage and might as well have been non-existent. Our departure from Florence, It seemed to be better as they actually boarded us into their first class this time. Our departure from Lisbon was just as nice as they boarded us in their first class on this leg as well. Once we landed in Chicago (late at night) we found out that they lost one of our new suitcases with all of my youngest daughter's clothes. Then the nightmare begins, why? Because customer service is horrible with TAP. I even notified TAP the same night that the suitcase was missing. They told me the next morning that I was supposed to notify the TAP representative at the airport. Well, there was not TAP representative at the airport (we tried that night before leaving the airport). The airport said it was a TAP issue and TAP said it was an airport issue. All I know is that they can supposedly track the bag and find out where it was last 'seen' by the baggage system, yet, nobody has a clue as to where the suitcase is. Our Trip was in May 2022 and we have yet to get any kind of resolution with regards to the lost suitcase and its contents. It is not as if there were not tracking stickers placed all over the bag and that the luggage system does actually track your luggage. But for some reason they just can not locate our suit case in Florence, Lisbon or Chicago. That is amazing to me considering we are in the digital age and everything is tracked at every turn. At one time TAP actually emailed me that the suitcase had been found and actually delivered to me. They only had two addresses: my house and my office. The suitcase was not delivered to either one. I emailed back asking ""where"" the bag was delivered and have yet to hear back from them (been over two months ago despite me emailing and trying to call several times). The seats were ok in economy but the seats were awesome in what they consider first class (food and drink was much better as well, not to mention the lounge access at the airports). Will I fly them again? Maybe but only if I can fit what I need in carry on bags or actually place apple trackers in the suitcases. Not sure if I can convince my wife to fly with them again. As others have said, it is a cheap ticket. I don't agree that you get what you paid for. I paid quadruple for the better experience to not get it. So, I did not get what I paid for in that respect. I have been flying since I was a kid in the 1970's and have never had a suitcase lost. I am disappointed with them for that reason as well as being placed in the economy section after paying for first class. I would rate the company higher if their customer support was actually decent and one did not have to wait on hold for hours on end to get to talk to someone. To me they lost points for taking my money for first class and then sticking me into cattle car (economy), not letting me into the airport lounge in JFK, losing the suitcase, and customer service.",35,unknown,0.9514,0.0329285714285714,0.9514,0.0329285714285714,0.9514,positive,vader_original_full,0.05,positive,negative,unknown,conflict
Thai Airways,Economy Class,4.0,yes,TG601 HKG-BKK 7474-400 Seat 69A. I've not used Thai for a few years since changing the alliance I use from Star to Oneworld this however was the cheapest I could find on this route. I can't remember ever using TG in economy either it's always been business and on a few occasions first for what I paid it was ok seat was not that comfortable although there was enough space. They served a hot meal which was fine and the aircraft despite being very old had PTV in all seats my star alliance membership ends soon but I managed to use the lounge at HKIA food was good with lots of variety and it's located very close to the departure gate. All in all an ok trip and service for a 2hr 30min flight I don't know if I would use TG in economy for a long haul I like the premium economy offered by most Oneworld carriers.,5,unknown,0.8764,0.2172399999999999,0.8796,0.2285199999999999,0.8764,positive,vader_original_full,0.05,positive,negative,unknown,conflict
Jetblue Airways,,4.0,yes,JFK - San Juan round trip. Only completed JFK-SJU. Return flight was cancelled. I did not received the text message alert the night before the return flight. Luckily I checked the flight status the night before and found out all flights SJU-JFK were cancelled. Called the reservation desk and after 30mins wait an agent assisted me to rebook. Only could book a connecting flight that would take me home two days later. So I had to book with another carrier AA to return home. I understand the weather in NY was bad. But AA still operated without problems. JetBlue management took very extra cautious decision to cancel the operation on that day. It was a bad call.,12,unknown,-0.7833,-0.0566666666666666,-0.7833,-0.0566666666666666,-0.7833,negative,vader_original_full,0.05,positive,negative,unknown,conflict
British Airways,Business Class,4.0,yes,26th July LGW to Orlando. Drinks service from the crew was good. Champagne upon boarding and a top up without requesting. It was greatly appreciated! Food was not outstanding but pleasant enough. Overall the cabin service was good. Several services of drinks and top ups when requested. What let this flight down was the number of unruly children on this flight. I was in an outside seat on the port side and an 8 or 9 year old child in front got out of her seat every five minutes or so continually throughout the flight and her younger sibling was also jointing her when she did manage to stay put. I attempted to avail myself of the flat bed but three times these children stood on my legs as they clambered over into their seat. The parents of these children never once intervened to check their children's behaviour although they were well aware of how they were behaving. My wife did not have much luck either. The couple to her rear were sat throughout the flight crossed legged in the isle playing with their children and their toys and my wife had to struggle passed them every time she wished to use the toilet. Surely a tripping hazard! There were many other children on the flight who were well behaved so it can be done if parents set boundaries for their offspring. Whilst BA cannot be held responsible for children's behaviour I feel that as we were in the Club World cabin some sort of announcement should be made by BA requesting passengers with children respect the comfort of fellow passengers. P.S. The Club Lounge at Gatwick was like a kindergarten but that is another story!,17,unknown,0.9654,0.1359823529411764,0.9654,0.1359823529411764,0.9654,positive,vader_original_full,0.05,positive,negative,unknown,conflict
Aegean Airlines,Business Class,2.0,yes,"A bit of a wait at the Business class check in but at least Business/Aegean Miles and Bonus Gold get to use the fast track passport control and security and the dingy Aegean Business class lounge. The lounge offered a reasonable selection of food and drink but not really high-end and the fact that 2 flights were leaving in short succession meant the lounge was fairly crowded at one point. Despite there being several vacant air bridge gates we had to suffer being bussed to a remote stand which involved no priority boarding and being herded onto a bus that was almost bulging at the seams by the time we left. There was a sort of welcome onboard by the cabin crew member as she was on the phone. Pre take off drinks were offered but without any real enthusiasm or engagement. After take off there was the usual hot towel, menu and drinks but no real customer engagement. The cabin crew member pushed the meal trolley into the cabin and set down the table mats and offered bread, placing it on the mat and moved on. A colleague had to tell her that she had forgotten to hand out meal trays. No apology, no making a joke of it, just a robotic performance of giving us our meal trays. That summed up the service. If you wanted anything you had to press the call button because even though various cabin crew floated through the cabin casually glancing at empty glasses at no time did they ask if anyone would like a refill. The liqueur trolley was pushed into the business class cabin but again it was something they had to do because it was in the service plan. London couldn't come quick enough. There was nothing really to thank them for. Cabin crew make the trip. At least the e-passport gates were quiet and after a 5 minute wait my bag was third on the carousel. A shambolic and lacklustre crew spoilt my Aegean business class experience. If this was my only Aegean experience I would never recommend it but thankfully it was my first bad encounter.",18,unknown,0.914,0.0933833333333333,0.914,0.0865388888888888,0.914,positive,vader_original_full,0.05,positive,negative,unknown,conflict
Aegean Airlines,Economy Class,3.0,yes,"✅ , |  Thessaloniki to Stockholm via Athens. Aegean Airlines is an airline with high cost to value. I found the seats small and uncomfortable and there is lack of inflight entertainment. Food bad and portions pretty small. There is no onboard wifi and overhead screens play advertisements. Also, cabin lights were mostly on during this short flight.",6,unknown,0.0516,0.0068666666666666,0.2023,0.0310666666666666,0.0516,positive,vader_original_full,0.05,positive,negative,unknown,conflict
Aeroflot Russian Airlines,Economy Class,4.0,yes,"New check-in procedure: change for worse. Flying form Prague to Moscow, Apr 21. Aeroflot apparently introduced a new dedicated counter for Business Class. So now they process separately Business class, Sky Priority and Economy passengers at the check in. Which might be a good idea at the main Aeroflot airports. However, in Prague it creates a lot of problems, confusions and discomfort. In the past, there was just common Business Class/Sky Priority counter and two for Economy. In this particular case, they checked in all 4 Business class passengers at one counter, 10 SkyPriority passengers at the other counter and all the remaining approx. 150 people at the single, remaining counter. In the past, they had two counters for economy, serving on average. 75 people each. Consequently, the new regime effectively doubled queues (and check in time) for economy passengers, but offered only a very little or no extra comfort for business passengers. Moreover, it disturbed the whole process, because people waiting in a very long queue were continuously trying to sneak in into SkyPriority. It is odd to see one clerk doing nothing and the other being up to their ears in work. Looks like the implementation of this new feature should have been thought out better before its introduction for smaller flights.",15,unknown,-0.5413,-0.0538466666666666,-0.753,-0.0682866666666666,-0.5413,negative,vader_original_full,0.05,positive,negative,unknown,conflict
Ethiopian Airlines,Economy Class,3.0,yes,Nairobi to Johannesburg via Addis Ababa. Was booked on flight ET 303 which was supposed to depart at 11h35 in Nairobi but ended up departing at 20H10 resulting in myself missing an onward connection ET 849. I had to stand in a queue for more than 2 hours to get an allocation to the next flight to Johannesburg. There was no one manning the queue resulting in squabbles among frustrated passengers.,4,unknown,-0.8807,-0.275575,-0.8807,-0.275575,-0.8807,negative,vader_original_full,0.05,positive,negative,unknown,conflict
Emirates,Business Class,2.0,yes,"So we paid £4K for 4 tickets to be upgraded to business class, the family wanted to try it out so I thought let’s do it. We checked in at the business class dedicated desk and were advised by the Emirates staff to proceed to gate 7 where we will find the lounge. Hand tickets over and told you don’t have access, no explanation just handed back by some power enjoying jobs worth with no options offered. I was stunned. Checked Emirates website and it clearly states our class of travel has lounge access. This is very frustrating and an underhanded approach from Emirates. Turns out this is correct, but why on earth don’t you train staff to explain this or clearly print on the ticket / emailed ticket / purchase confirmation. This must cause so many issues at the airport for people. You buy business class tickets you always get the lounge - so I thought. A very poor decision on Emirates behalf if you ask me. What a disappointment.",11,unknown,-0.5245,0.0367181818181818,-0.4471,0.0527181818181818,-0.5245,negative,vader_original_full,0.05,positive,negative,unknown,conflict
Lufthansa,Economy Class,4.0,yes,"We have received multiple last minute flight delay text announcements for our Denver to Frankfurt flight. These delays of more than 6 hrs are causing significant financial loss for temporary accomodation, missed connection flights and a loss of work and school days for us amd our kids. So far all of our attempts with Lufthansa customer service in both the US and Europe have been very unsuccessful, with Lufthansa offering zero support to us. No information on cause of delay or if further one is expected, no cost reimbursment offer, no meal voucher, no lounge access or upgrade.",4,unknown,-0.9381,-0.4497,-0.9359,-0.443075,-0.9381,negative,vader_original_full,0.05,positive,negative,unknown,conflict
SA Express,Economy Class,4.0,yes,JNB to Richards Bay return flight on Friday 28 Sep 12. Flight was delayed by almost 30 min. No reason given. Bad weather when we arrived at Richards Bay and after two attempts to land was diverted to DUR. Landed safely in DUR with the option of flying back to JNB and then out to Richards Bay the next day or we could travel back to Richards Bay at our own cost! I was fortunate to get a vehicle after waiting an hour for one and travelled back at my own cost. Pity it is the only operator between JNB and Richards Bay!,6,unknown,-0.4625,-0.1123499999999999,-0.4802,-0.1163,-0.4625,negative,vader_original_full,0.05,positive,negative,unknown,conflict
Allegiant Air,Economy Class,1.0,yes,This was are third and last trip with Allegiant. It seems like they do nothing to improve their planes since we started flying with them. Our plane had a 4 hour delay due to repairs. Repairs? The seats look like they need to be replaced. The arm on one of them in our row didn't work. Heaven forbid if you can't use their site. You are the one that ends up paying out when you check in. Their employees don't have the ability to correct it. They can only do what their computers allow them to do. I noticed that their flight attendants don't look professional. They are kind. Got that going for them.,12,unknown,0.4389,0.0691,-0.2472,0.0162916666666666,0.4389,positive,vader_original_full,0.05,positive,negative,unknown,conflict
United Airlines,Economy Class,4.0,yes,"Beijing to San Francisco. The airplane was an old Boeing 747 not adapted to new onboard entertainment technology so you had just two options: you could either try to follow a movie through one of those old screens that was just a meter away to the left from my seat or you could watched though your laptop. Unfortunately, they forgot to tell that you needed to download a plug in prior to board so the option was useless. You had an additional option: purchasing wifi to download it. I did it, but the plug in never worked and no-one seemed to know how to fix it, of course. So I spent my flight watching FB (of course, when you leave China). The flight was packed with Chinese families that don't seem eager to educate their children to live with other people. I had to ask for help because a child was yelling and playing with his father endlessly. The hostess was successful in stoping the yelling but couldn't avoid the family speaking all the way to San Francisco. The food is the traditional bad United food, so don't waste your time expecting something better.",10,unknown,0.9416,0.11635,0.9416,0.11635,0.9416,positive,vader_original_full,0.05,positive,negative,unknown,conflict
Alaska Airlines,Economy Class,4.0,yes,"New Orleans to Yakima via Seattle. Since Alaska has consumed Horizon Air the service has drastically worsened. Fewer flights, longer layovers Last night I was unable to ticket all the way through to Yakima b/o a short layover between the only direct flight from New Orleans to Yakima (not enough time for baggage transfer, I had no checked baggage) made it in plenty of time to catch a ride on plane with open seats. I was told I would have to pay a penalty greater than the cost of flight. In the days of Horizon the switch would have been granted without question, very disappointing! Today the flight to Yakima is leaving from N12c. There is no close seating, a temp stairway down to tarmac, a walk out the tarmac and a stairway up to plane. Low budget.",7,unknown,-0.6953,-0.1289285714285714,-0.7815,-0.1524714285714285,-0.6953,negative,vader_original_full,0.05,positive,negative,unknown,conflict
American Airlines,Economy Class,3.0,yes,Miami to Cancun. We’ve been sitting in the plane for an hour now because a stewardess didn’t show up to work and we need to wait for a replacement. Now it’s because there is a line for takeoff. Just wanted to address the inconvenience because we had a activity planned for my girlfriends birthday at 3pm and it’s already 11:45pm. Hope we can make it on time!,5,unknown,0.1759,0.0262799999999999,0.1759,0.0262799999999999,0.1759,positive,vader_original_full,0.05,positive,negative,unknown,conflict
Garuda Indonesia,Business Class,4.0,yes,"There were no real problems with this flight, however it amazes me that the male pursers seem not to be very engaged. I think the only words he said to me during the flight were welcome onboard, when I boarded the aircraft. The purser should set the standard. He (she) should come to each pax at the commencement of the flight and welcome them on board and/or thank each pax at the end of the flight. This particular flight was not full in business class and yet not once did a flight attendant mention me by name. The minimum would be use each pax name when they are taking meal orders. At one stage I was asked if I would like still or sparkling water, when I asked for soda water, I was informed that Garuda did not stock soda water so sparkling water was ok. Then I ordered some Chablis, again later in the flight when I asked for another glass of chablis, I was told that that there was none left. Again, not the end of the world, however as I mentioned earlier, the flight was not full in business class and there were quite a few children (who don't drink alcohol), so the amount uploaded seems to be insufficient. When dessert was served (it was supposed to be served with ice cream) I asked where the ice cream was and was informed that it wasn't uploaded. So a cold dry cake was not very palatable. As food the food itself. It wasn't horrible, but was not great. An amuse bouche with mashed tuna in a half piece of choux. Then minced salmon with over-cooked scallops, followed. And the main course of sea bass was a little dry.",16,unknown,0.4687,0.138475,0.4687,0.138475,0.4687,positive,vader_original_full,0.05,positive,negative,unknown,conflict
American Airlines,Economy Class,1.0,yes,"Cincinnati to Fort Walton Beach. I chose to fly American Airlines because they had a flight leaving about an hour earlier than Delta. Boy was that about the biggest mistake ever. So the actual flying experience wasn’t bad at all. The problem came when my arriving flight into Charlotte, NC to catch a connection was delayed to the gate due to weather. Which was fine, we can’t control the weather. The delay also delayed my connecting flight to Fort Walton Beach. So I was still able to catch my connection. That’s fantastic.  Absolutely it was. So I ask the boarding agent if there was a chance that my checked bag wouldn’t get transferred in time to the connecting flight. She said that it’s very possible that it won’t make it in time. So I said that’s ok I’ll work around picking up my bag the next day. And the next day (today) is where the problem started. I show up at 6am and there’s no one at the baggage claim office, no customer service representative to be found. I talked to the ladies at the ticket counter twice and they told me someone be down to help. So I’m there 3 hours before someone opens the door and it takes 2 minutes to get my bag. Why did it take 3 hours? The monitors show when they have flights departing and arriving. There was plenty of time between to accommodate the 2 minutes it took me to get my bag. My biggest complaint is with customer service. Everything else was as good as it could be.",21,unknown,-0.7783,-0.0481047619047618,-0.7906,-0.0495904761904761,-0.7783,negative,vader_original_full,0.05,positive,negative,unknown,conflict
Delta Air Lines,Economy Class,2.0,yes,My flight was canceled the day of my trip in the middle of the night. Which is very inconvenient for me. I had things already purchased in San Juan. I’m very disappointed in Delta. The absolute worse experience a customer can get. Let’s not forget they rescheduled the flight for the next day at a later time having me arriving at 11 at night. 2 days of my scheduled trip gone! My tickets have been booked for about a month prior.,7,unknown,-0.8322,-0.1761857142857143,-0.7948,-0.1516571428571428,-0.8322,negative,vader_original_full,0.05,positive,negative,unknown,conflict
Etihad Airways,Business Class,3.0,yes,"Abu Dhabi to Doha. The 3am run to Doha uses an old aircraft crammed with workers in transit. Business class is not much different to economy, and it's often full of people who have been pumped up. This is a hardline, workers transit flight. If your flying business don't be fooled, nothing fancy on this leg. The good news is if it's part of a longer haul flight the other leg will likely have been awesome - Etihad awesome, which is fantastic.",6,unknown,0.9508,0.20545,0.9508,0.20545,0.9508,positive,vader_original_full,0.05,positive,negative,unknown,conflict
FlySafair,Economy Class,4.0,yes,"My family and I are absolutely disappointed by the professionalism by the flight attendants. We had an issue with another passenger with placing our luggage in the overhead bin and none of the attendants came to assist instead they saw it fit to just stare at us. When it was our turn to disembark from the plane, the flight attendant skipped our seat and proceeded to allow other passengers to leave the plane. I did not appreciate the flight attendants tone when we ordered snacks, she was not friendly. The service was just appalling and disappointing.",5,unknown,-0.8683,-0.2549599999999999,-0.7711,-0.19746,-0.8683,negative,vader_original_full,0.05,positive,negative,unknown,conflict
Ethiopian Airlines,Economy Class,4.0,yes,JNB-ADD-NBO Feb 2014. Boeing 777-200 and 737 respectively. Ethiopian regional flights are at times problematic due to delays and deviating routings. This trip was delayed 1 hour from JNB. It had a previously un-announced deroute to ZNB where we had to pick up 100+ pax which had been waiting for ET for >5 hours. Thus they were hungry and angry. So were the pax from JNB so the situation became unfriendly and space was cramped. From ZNB ET had run out of food. Drinks provided. In JNB I was promised a hotel voucher at check in at gate at aircraft but it never came. The following morning ET801 ADD-NBO had a 4 hour delay! This is 2-3 times the flight duration and unacceptable. Reason given was aircraft service check. I assume they have too few aircraft's and it affects precision and operations terribly. Hot lunch was given in Addis in the waiting time that part functioned well (though basically only 1 option of food it was very tasty). On the plus side are the competitive prices but prices are on a stiff rise. If you have flexible time and do not expect a lot ET can be a pleasant surprise: ETs force is the many newer aircrafts the good service onboard the long duration of service onboard (from 10 minutes after take-off up till 10 minutes before landing). On regional sectors there are 4 options of hot food in economy and drinks flow. Special meals could be ordered and were on board but not always given out due to lack of staff follow up and due to peoples change of seating. FA's are young and co-operative. Call buttons rarely responded to but there are plenty of FAs. Transfer and hotel provided in Addis functioned perfectly. The de-routed flight JNB- ADD was announced by email (but after the flight took off). ET are trying but still not there.,23,unknown,0.8516,-0.0291652173913043,0.8883,-0.0290565217391304,0.8516,positive,vader_original_full,0.05,positive,negative,unknown,conflict
El Al Israel Airlines,Economy Class,4.0,yes,"Tel Aviv to Amsterdam, thy flight was late by a hour. After take off, the cabin crew served food to random people around the cabin, they just had no order. The cabin crew itself wasn't good, very impatient and unfriendly. The food itself was no more then fine, and the old IFE didn't even work. I slept most of the flight so I don't know what happend after the food. So  flying El Al is okay if you don't expect a lot and I'll recommend it because it had a low price.",6,unknown,-0.4743,-0.07995,-0.3791,-0.0639666666666666,-0.4743,negative,vader_original_full,0.05,positive,negative,unknown,conflict
WestJet Airlines,Economy Class,1.0,yes,I had purchased flights from Calgary to Toronto for June 2nd before covid came into this world. I got my tickets for my partner and I at a good price at $617.00 for round trip. Now after getting an email stating my flight has been cancelled or changed and my amount went into a travel bank. That’s fine and dandy but I will have to pay close to $700 more on top of what I already had paid to move my plan date. I don’t think that’s right at all and probably have a lot of other people to agree with me. We should be able to fly on a different time without paying addition fee because of the time of the year. If my flight got cancelled due to the covid and able to fly out in September rather in June I don’t think that I have more.,8,unknown,0.56,0.0806625,0.56,0.0806625,0.56,positive,vader_original_full,0.05,positive,negative,unknown,conflict
American Eagle,Economy Class,3.0,yes,"Monroe to Dallas Ft Worth. I have never in my adult life had the flight attendants be so lazy. They were nice, but when it was time for beverages, they not only left out the part where they tell you what they have, by they requested that everyone keep their order to one drink per person (it came off rude). Then the gal walked through with a box holing the snacks and just put it in front of each passanger to get their own snack and then they came through with the drink cart, once my snack was already almost gone. And then why I was surprised, but they came over the speaker to tell everybody to put their shades down, before we landed, so the plane wouldn't get hot. Never have I ever felt like the flight attendants hated their jobs and were lazy.",6,unknown,-0.8785,-0.2121333333333333,-0.8234,-0.1582,-0.8785,negative,vader_original_full,0.05,positive,negative,unknown,conflict
Air Macau,Economy Class,4.0,yes,"Round trip between Bangkok and Tokyo/Narita with layover in Macau both times. Each of the four flights were delayed between 10 minutes and an hour and a half. Not a single on time departure on my trip. This airline seems to a have its pilots climb and descend very rapidly. There are economic advantages to this type of flying but it can be uncomfortable on your ears. Cabin temperature inconsistent, hot at times and cold at times. For food, ""fish rice"" was the only option on one of the legs, the other also had a chicken and rice meal. I am 6'4"" so very sensitive to seat pitch. I thought the seats were OK for the shorter flights but couldn't handle them for much longer. Aircraft's are older A320 and A321s that could use a refurbishment. We got a good price for these tickets so I will say the value wasn't bad.",11,unknown,0.9104,0.0384636363636363,0.8682,0.0238363636363636,0.9104,positive,vader_original_full,0.05,positive,negative,unknown,conflict
Alaska Airlines,Business Class,3.0,yes,"The last 2 days have been a nightmare traveling with Alaska Airlines. First, my flight from seattle to Redmond/Bend on 8/7 was delayed 2hrs after the pilot came on the intercom just prior to turning on the runway to let us know that a fuel hatch light came on and forced us back to the terminal and eventually changed planes. Then my flight on 8/8 from Rendmond to Portland was delayed because the crew could not figure out how to distribute the weight on the aircraft. This caused a 30 min delay. Finally, my flight from Portland to Seattle also on 8/8 (writing as I still wait in another delay) has been delayed now 2 going on 3 hours. What happen to Alaska Airlines being #1 in on time performance. This has honestly been a terrible experience. Hope they could get things figured out, as Alaska use to be my top choice to fly.",8,unknown,-0.7717,-0.1364625,-0.7906,-0.1431375,-0.7717,negative,vader_original_full,0.05,positive,negative,unknown,conflict
Asiana Airlines,Economy Class,4.0,yes,Two short-haul flights ICN-NRT return in Economy a pleasant change from the dreaded ICN-SYD flights (9 in the last 18 months) in Business. Not much seat pitch but otherwise the seats were up to expectations (not as good as the best such as Singapore) and the service efficient and charming. I would do this again but never to Sydney (or the other sectors with those angled seats) in Business again. How is it that a 2 hour flight has AVOD and an 11 hour flight does not?,4,unknown,0.9245,0.20615,0.9286,0.207125,0.9245,positive,vader_original_full,0.05,positive,negative,unknown,conflict
Emirates,Economy Class,2.0,yes,"Emirates used to be 10/10 airline but as they secure more routes the service is getting worse. They are often late these days and I now leave at least a 4 hour gap to make sure I make the next flight in Dubai. For the latest flight from Manila to Dubai they forgot that there is heavy traffic on a Friday night and the crew arrived over 2 hours late - if all the passengers can get to the Airport on time then why can't the crew? What is so bad is that the ground staff lied about the situation when they told the economy passengers the aircraft needed more cleaning, but told the business class passengers the truth. There is no doubt that Emirates is undergoing a decline in service.",4,unknown,-0.6621,0.03375,-0.6621,0.03375,-0.6621,negative,vader_original_full,0.05,positive,negative,unknown,conflict
Austrian Airlines,Economy Class,4.0,yes,"My problem is with the airline customer service. I bought a ticket but I didn’t receive the e-ticket. The automated help chat is awful and there’s no toll free phone number for Spain. There’s a number starting with 08000 and I called them and I was told this number is for emergencies and they can’t help me in anyway. So now I bought tickets which I have no information on the baggage allowance, stop durations or the baggage handling for the connection flights. Basically their website and their help center is terrible.",6,unknown,-0.8334,-0.1846833333333333,-0.8334,-0.1846833333333333,-0.8334,negative,vader_original_full,0.05,positive,negative,unknown,conflict
Air China,Economy Class,4.0,yes,"I am flying many times with Air China but this time was one of the worst. In Frankfurt there are only 4 Check in counters for Economy Class and we had to wait very long. The staff onboard doesn't speak English fluently so we didn't understand it good. The food onboard was okay, for vegetarian meals we needed to book 24 hours earlier. The Inflight Entertainment was terrible. There were nearly all movies in Chinese and no German ones. When we arrived at Chengdu the imortant information was in English too but some information was just in Chinese and the ground service couldn't help us. Overall the flight was good but it could be better for inflight entertainment and the ground Service in China.",8,unknown,-0.2837,-0.1044249999999999,-0.2837,-0.1044249999999999,-0.2837,negative,vader_original_full,0.05,positive,negative,unknown,conflict
ViaAir,Economy Class,1.0,yes,"Bogota to Lima. After almost an hour of waiting for a check in gate to be posted in Bogota. I went to domestic check in and asked if I can check in, They said yes. I wait in huge line. I asked why they never posted check in gates for Lima only for domestic. Said nothing. After about an hour in the huge slow moving line I was asked for my onward ticket. I was told I had 1 minute to produce it or I would not be allowed to board. I could not connect to airport wifi within the minute to show my email onward flight confirmation. I was told I could not board and to move along. I asked for just a couple minutes to get on wifi? NO. I asked if I could be put on next flight? NO. I asked to talk to a supervisor. He looked at me, knew I was waiting to talk to him and pretended to be busy and ignored me for about half an hour. I went on live chat. Nothing. They gave me an email. I emailed Via Air. Nothing after more than 2 weeks. I was at airport at 3am for a 6am flight. They did not offer me any explanation, assistance or put me on the next flight. THhey have not responded to me after taking the appropriate channels to contact them and are the worst airline I have dealt with. Save a little only to get gouged on hidden charges and experience staff that are well below even the most basic standards. Spend a little extra and go with a reputable airline not the mickey mouse club airline.",24,unknown,0.5362,-0.0126708333333333,0.5362,-0.0001208333333333,0.5362,positive,vader_original_full,0.05,positive,negative,unknown,conflict
Delta Air Lines,Economy Class,2.0,yes,"Flight over was great! Flight back a nightmare! One Cabin stewardess had a bad attitude, rude and condescending. She and her partner stewardess gossiped loudly about passengers. Talked over PA announcements. Rude and condescending to my 81-year-old husband who had medical issues. Twice had to tell him to put up his mask. Second time she said this is the second time I’ve had to tell you to pull up your mask she could’ve done it without embarrassing him by now she must’ve had some kind of kind way to remind passengers. She also Angrily told him he couldn’t use the bathroom while we waited on runway 30 minutes for our gate.",7,unknown,-0.6801,-0.1374142857142857,-0.6115,-0.1074571428571428,-0.6801,negative,vader_original_full,0.05,positive,negative,unknown,conflict
Delta Air Lines,Economy Class,4.0,yes,"Orlando to LOndon Heathrow via Atlanta. We have flown Delta before with no problems, and have rated them highly. However this time the flight from MCO was cancelled whilst we were waiting to board (""aircraft is broke""), and we were informed replacement was being sent from ATL, which wouldn't land at MCO until after LHR flight had departed. Mad panic with a full Boeing 757 passenger list trying to contact Delta customer services using the 6 available telephones. Eventually got through, and was offered flight from ATL to Paris, with a connection to LHR. Had to point out to the operator this would take-off whilst we were en-route to ATL. Eventually got offered flight to Philadelphia, to connect to a London flight the next evening. Asked if there was a way to contact England to advise our taxi company not to pick us up until following day. They said they had no international calling arrangements. Got to ATL about 10:45 at night, then spent about an hour trying to arrange overnight hotel (three quarter full flight, and 4 customer service clerks). Eventually given voucher for hotel, and told to wait at the hotel shuttle pick up point outside. Hotel shuttle didn't turn up, and wasn't listed on list of hotel contacts to allow us to contact it. Eventually driver from another hotel took pity on the 14 of us booked to that hotel, and took us there. The hotel also had no way of making international calls. Next morning we found voucher was for accommodation only - we had to pay for breakfast! Flight to Philly was ok-ish (a MD88 is not as good as a 757). London-bound plane was a half-empty 757. However, although Premium Economy was almost empty we were still only allowed in Economy unless we were willing to pay for upgrade. The only time previously we have had a rearranged flight, also because of broken aircraft, was with BA who automatically upgraded us. Was also surprised that , if we wanted to watch any of the films on offer, we would have to pay by credit card. Never had this before on a transatlantic flight - even Delta ones. However cannot fault the onboard flight crew or service. The seats, however were uncomfortable, and 9 hours is a long time to sit in an uncomfortable seat. When we got back to LHR, no checked baggage. They were delivered to our home later that day on 2 separate deliveries, because one had arrived on a later Delta flight from JFK, the other had arrived on an earlier Virgin flight, also from JFK! So, in addition to us having an extra wasted day, Delta have caused us to be out of pocket for meals we wouldn't have had to pay for, and a taxi that went to LHR to meet us. The in-flight experience is ok. It is the customer service side that needs attention. I would still use them, but never use them for a connecting service again.",27,unknown,-0.9214,-0.1232296296296296,-0.8986,-0.1121518518518518,-0.9214,negative,vader_original_full,0.05,positive,negative,unknown,conflict
Avianca,Economy Class,1.0,yes,"Bogota to La Paz. Frustrated and disappointed at Avianca's cancellation. I was flying from Paris to Bolivia, connecting thru Frankfurt and Bogota. My first flights were with Lufthansa and last one with Avianca. I took with this airline because it is part of Star Alliance and wanted a streamlined process while getting some miles. I had a long day as Paris was on strike and almost missed my flights, but LH managed to take us to our destinations. When I reach BOG for my last flight, I was surprised to see the cancelled flight. This is frustrating for me as I will be spending less than a week with my family in Bolivia and taking away a day from me means significantly. I'll still give them a chance in the future as I had high views on this airline, but it is starting to change and I hope they can keep up with the brand name and airline alliance reputation. I was given with a new ticket and a hotel voucher ... but I can't give them credit for that as that's what they are supposed to do. This compensation means nothing as reaching my destination on time was more important.",12,unknown,-0.5389,-0.0842749999999999,-0.1601,-0.047575,-0.5389,negative,vader_original_full,0.05,positive,negative,unknown,conflict
Swiss Intl Air Lines,Economy Class,4.0,yes,Overall I was happy with this airline. I was not however altogether too pleased with their online check-in system. Since I was flying Swiss through United I was unable to check-in online 24 hours before. I called the company and they told me it would not be possible. The unavailability of online check-in led to problems on the flight namely many passengers being unhappy with their seat assignments. I was asked twice to switch seats. I also overheard 3 other passengers asking other passengers to change seats. They were also very adamant about the weight of carry-on baggage being under 8 pounds. I felt this rule somewhat arbitrary but was happy to comply. Many passengers in line ahead and behind me had to pay the $100.00 fee to check their bags.,11,unknown,0.7845,0.1257545454545454,0.7845,0.1257545454545454,0.7845,positive,vader_original_full,0.05,positive,negative,unknown,conflict
Air Canada,Economy Class,4.0,yes,Quebec YUB to Toronto YYZ on Air Canada Express Q400. First time in a Q400 and what a horrible aircraft! Noisy rattly and with a constant vibration through the seats this 100 min flight was about as much as I could take. Air Canada staff were pleasant and efficient both in the air and on the ground although the boarding official was a bit sniffy when he found we were not business class passengers (in an all-economy aircraft!) and the flight left slightly late but arrived 30 mins early. Good service from AC but I will try to avoid that aircraft in future.,4,unknown,0.4738,-0.091625,0.465,-0.09515,0.4738,positive,vader_original_full,0.05,positive,negative,unknown,conflict
Asiana Airlines,Economy Class,4.0,yes,Seoul Incheon - London Heathrow 4/1/2015. The flight was delayed by almost an hour taking off and so we were late into London missed our slot and had to circle for another 20mins. The food was truly awful if it wasn't tasteless it was far too spicy. My main gripe was with the 'entertainment system'. On a 12 hr flight we had the choice of 6 films on a loop of 2hrs you would think that we would at least have had AVOD or a better choice than what we had. I only watched 2 films as nothing else appealed. I have travelled with Asiana before and was fairly satisfied but I am afraid the service is not what it was.,7,unknown,0.3919,0.0836714285714285,0.296,0.0671714285714285,0.3919,positive,vader_original_full,0.05,positive,negative,unknown,conflict
British Airways,Business Class,4.0,yes,"Gatwick to Alicante. On my outbound flight (23 Sept) I gave BA almost 10 out of 10 across the board in a review they invited me to complete. On my return flight (26 Sept) it was a different matter. From entering Alicante airport up until boarding the service was by comparison below standard (except the VIP lounge which was good). Travelling Club Europe had no advantages. Only one check in open for all passengers, no bag drop facilities, no facility to print boarding passes. When invited to board we had to wait 20 minutes on the ramp before being let on the plane. The Iberia factor. Honestly you wouldn't have thought it was the same company. Once on the plane everything went like clockwork.",10,unknown,0.8333,0.09778,0.7966,0.0926399999999999,0.8333,positive,vader_original_full,0.05,positive,negative,unknown,conflict
Gulf Air,Economy Class,4.0,yes,Mediocre at best. I live in the Middle East in Oman. The national carrier Oman Air is consistently ranked among the best and its product is very good when compared to other Middle Eastern airlines. Unfortunately however that ranking seems to have gone to Oman Air's head lately and they have not only increased prices dramatically but are apparently also considering cutting a lot of the services and features that have made them a stand out in a field of also-rans. Because they are above what I can afford for last minute leisure trips I chose to fly Gulf Air to London on the routing MCT-BAH-LHR early this month. The pricing is very competitive and their website originally showed me a wonderful pair of flights that would have only meant a short layover of under two hours in Bahrain. Once the payment screen had been completed however I received ticketing on two flight sets that incorporated a 9.5 hour layover in Bahrain on the way to London and a 7.5 hour layover on the return trip. Amazingly while I was lured in with such a terrific original offer I was now going to be spending nearly one day of my break in Bahrain's mediocre International Airport (and in that facility's mediocre Dilmun Lounge - see separate review). At Muscat we were delayed in boarding and is usual with many Middle Eastern airlines no reason was given for the delay - it just was. Boarding the A320 for Bahrain legroom was quite adequate at 34 inches of pitch I had experienced this on previous short-haul flights with Gulf Air and therefore thought they might be just the ticket to avoid rival Oman Air's new inflationary price structure. After landing at Bahrain International and a lengthy stay in the wildly overpriced Dilmun Lounge I boarded the leg for LHR and was amazed that on an A330 any airline would tighten the seat pith to a measly 31 inches which made for a 7 hour torture ride. Luckily on that leg I had a short row (two seats) to myself and was able to mitigate the pain a little. Sadly Gulf Air has revamped its A330s with new leather seats from Recaro arguably the worst airline seat maker out there. Each of their seats on any aircraft features rough Philips-head screws at precisely where my knees are forced to contact the seat in front of me as I am rather tall and have long legs - sheer torture. If the person in front of me then reclines things are beyond the pale of bearable. Again the flight was delayed and of course there was no explanation of any kind. Gulf Air needs to pull up its socks in terms of food service. While the food was excellent there was precious little of it - only one meal service barely two beverage services and nothing more on an intercontinental price. No comfort packet with eye masks no direly needed ear plugs nothing more. Basically the return trip was the same in reverse although push-back from Heathrow was on the dot. Will I fly Gulf Air again? Probably yes but I'll try to limit it to short haul which is their vastly superior product.,23,unknown,0.26,0.0433826086956521,-0.5279,0.0175782608695652,0.26,positive,vader_original_full,0.05,positive,negative,unknown,conflict
Iberia,Business Class,3.0,yes,"Naples to Miami via Madrid. It's now 10:15 p.m. and I have been up since I missed my flight and I am now in a hotel room provided by Iberia. Bad experience at airport, terrible, no one wants to help you and it's huge to get from one gate to the other from T4s to T4 and vice a versa, exhausted.",5,unknown,-0.8176,-0.2077999999999999,-0.6705,-0.16132,-0.8176,negative,vader_original_full,0.05,positive,negative,unknown,conflict
British Airways,Economy Class,2.0,yes,"✅ , |  I booked flights with British Airways from London-Kuala Lumpur-Bandar-Kuala Lumpur-London. These were all booked at the same time and they also took the booking, therefore contract, with Royal Brunei Airlines (RBI) for the KL/Bandar/KL legs. For whatever reason RBI cancelled one of the flights, and it was only by accident that I found this out, by going on the BA website. I had to change a flight and waste a day in Brunei. BA have refused all responsibility, even on the lack of communicating the cancelled flight to me. I find this deplorable after booking everything through BA. I would certainly never book anything direct with BA again, as this lack of service by a major carrier to a customer is despicable.",7,unknown,-0.9122,-0.2535571428571428,-0.9122,-0.2535571428571428,-0.9122,negative,vader_original_full,0.05,positive,negative,unknown,conflict
Singapore Airlines,Economy Class,4.0,yes,Rome to Perth October 17. Older 777. Good seats. IFE still bad but everything else good on to Rome to Singapore leg. The Singapore to Perth leg was not what you would expect from Singapore Airlines. The crew were really rushing everything. Not sure why as it was 5 hour flight. It looked like they had trainees on board and the older crew were exerting their authority. The cabin crew were almost running between points on the plane. The coffee service was with the meal and the jug was flayed around with speed and not much care. There was no respite this sort of rush continued all the way to landing. I am sure this is an isolated incident I will still fly with them though.,12,unknown,-0.1116,0.0265916666666666,-0.1116,0.0265916666666666,-0.1116,negative,vader_original_full,0.05,positive,negative,unknown,conflict
Lufthansa,Business Class,4.0,yes,Lufthansa is getting tired and it shows. I have flown 73 times with Lufthansa in the last 7 years. My flights BEG - FRA - ADDIS (via Jeddah) and return business class were very disappointing. Frankfurt - Addis is a long flight. Old aircraft old tilting seats old films old system unimaginative food no difference on the way back. Crew change in Jeddah swapped one good cheery crew for another.,6,unknown,-0.2716,-0.0866333333333333,0.1027,-0.0380833333333333,-0.2716,negative,vader_original_full,0.05,positive,negative,unknown,conflict
United Airlines,Premium Economy,4.0,yes,"Houston to Detroit. I encountered the rudest and most unprofessional flight attendant. About 20 minutes after take off I had to use the restroom. I'm sitting towards the front of the plane in economy just next to the lavatory. It's lock and I haven't seen anyone go in or out. I look around the plane people are moving about and using the rest room in the rear of the plane. I proceed to head to the back of the plane to use the facilities when the flight attendant tells me to return to my seat. I explain my urgency and she proceeds to call me out over the intercom. I used the lavatory and proceeded back to my seat. She is now standing in the isle with the drink cart at my seat. With a disgusted tone she looks at the other attendant and says ""Let me guess he's sitting right here"" They both look at me like I have an arm growing out the side of my head and proceeds to tell me that there is a restroom right here, like I'm incapable of figuring that out on my own. I explain that it is locked! She flips the lavatory sign up and unlocked the door. What has happened to customer service these days?  I guess you get what you pay for.",13,unknown,-0.8436,-0.0750692307692307,-0.7773,-0.0676615384615384,-0.8436,negative,vader_original_full,0.05,positive,negative,unknown,conflict
Tigerair Australia,Economy Class,4.0,yes,I flew on April 4 Brisbane - Melbourne and again April 6 MEL-BNE. Initially I was hesitant on flying with them due to their previously bad rep however after the weekend I am very likely to book with them again due to their cheap fares. Arriving 45 mins before is mandatory as the check-in closes immediately 45 mins prior to take off. I arrived 1.5 hours early to be sure and that was plenty of time. The plane took off on time and landed on time- all I required. Staff are friendly. Seats are smaller than other airlines which may be a problem for some people. Flying in and out of Melbourne means T4 which is a smaller terminal just south of Tullamarine's T1 T2 and T3. This wasn't a problem as well signed and I was aware however may be problematic if you have not planned ahead. I would suggest flying Tiger. Just be on time.,12,unknown,-0.2363,-0.0054749999999999,-0.484,-0.0257999999999999,-0.2363,negative,vader_original_full,0.05,positive,negative,unknown,conflict
Ethiopian Airlines,Economy Class,4.0,yes,"Ethiopian Airlines from Nairobi to Dublin via Addis Ababa.  The price is one of the cheapest, but if you don't expect too much, you will not be disappointed - they get you from A to B on time and in reasonable comfort. The food is basic, no choice - chicken in tomato with pasta, on both legs, plus a continental breakfast. The flights were only half full, which made them much more pleasant. The Boeing 787 was quite new and a lovely aircraft. The landing in Dublin was tricky, with stormy conditions, but we got in safely. Addis Ababa is not a great transit airport; think a rather scruffy provincial bus station with waves of people passing throu gh in the late evening.",7,unknown,0.9304,0.2446714285714286,0.9304,0.2446714285714286,0.9304,positive,vader_original_full,0.05,positive,negative,unknown,conflict
Vietnam Airlines,Business Class,1.0,yes,"After reading many reviews about this airline I had a few concerns. I booked with Flight Center and was having a few issues with them about my flights. I called Vietnam Customer Service in Sydney Australia and they soon put everything right. Check in was smooth with fast track priority. The new business class lounge was excellent, had a nice foot massage. Once onboard we were warmly greeted by the crew - refreshing hand towels and champagne. Food was good, drinks were plentiful. Nothing was any trouble for the crew their English was excellent. As it was a long stopover we were taken to a hotel which was an excellent chance to shower, rest and have a meal. Ok so they are not in the same class as Emirates etc and I have flown them but for the price that you pay their service is excellent.",10,unknown,0.9647,0.41746,0.9722,0.47417,0.9647,positive,vader_original_full,0.05,positive,negative,unknown,conflict
Vueling Airlines,Economy Class,1.0,yes,We had a very good flight with Vueling from Menorca via Barcelona to Vienna. But the return we arrived at Vienna airport nearly 2 hours before take off to be directed to some remote terminal to check in as the online check in was not functioning. We queued for 40 mins only to be told by a terse official our cabin bags were going in the hold despite me protesting I needed medicines in my bag. I asked why we could not take them in the cabin as normal and she said the plane was too full. So we had a tense flight wondering if we would see our personal bags again! Flown millions of miles and never had this happen before. Problem I guess is Vueling had the seats so close together there were more seats than overhead locker spaces but this is cheating the public!,6,unknown,-0.8418,-0.0625666666666666,-0.8418,-0.0625666666666666,-0.8418,negative,vader_original_full,0.05,positive,negative,unknown,conflict
Air Europa,Business Class,4.0,yes,MAD-BRU-MXP-MAD - C Class. Pleasantly surprised with this airline. All 3 legs were good. Check-in plus on board services. Hopefully they will keep it up. A little harsh on the language skills but not that much of a problem. They tend to overbook. Quite a breeze to fly them. All in all ok.,9,unknown,-0.0138,0.1217888888888888,-0.0138,0.1217888888888888,-0.0138,neutral,vader_original_full,0.05,positive,negative,unknown,conflict
